go_term,go_term_label,method_count,method_total,term_total,total_annotations,fold_enrichment,p_value,p_adjusted,method_name
GO:0120548,phosphatidylinositol phospholipase C activity,6,3678,6,262673,71.4173463839043,7.506378797192058e-12,2.395058537150582e-10,Rhea Mappings
GO:0019705,protein-cysteine S-myristoyltransferase activity,6,3678,6,262673,71.4173463839043,7.506378797192058e-12,2.395058537150582e-10,Rhea Mappings
GO:0008404,"arachidonate 14,15-epoxygenase activity",3,3678,3,262673,71.4173463839043,2.7430865767945263e-06,3.1362623194684085e-05,Rhea Mappings
GO:0036430,CMP kinase activity,3,3678,3,262673,71.4173463839043,2.7430865767945263e-06,3.1362623194684085e-05,Rhea Mappings
GO:0036134,12-hydroxyheptadecatrienoic acid synthase activity,3,3678,3,262673,71.4173463839043,2.7430865767945263e-06,3.1362623194684085e-05,Rhea Mappings
GO:0034062,5'-3' RNA polymerase activity,6,3678,6,262673,71.4173463839043,7.506378797192058e-12,2.395058537150582e-10,Rhea Mappings
GO:0032896,palmitoyl-CoA 9-desaturase activity,3,3678,3,262673,71.4173463839043,2.7430865767945263e-06,3.1362623194684085e-05,Rhea Mappings
GO:0102354,11-cis-retinol dehydrogenase (NADP+) activity,3,3678,3,262673,71.4173463839043,2.7430865767945263e-06,3.1362623194684085e-05,Rhea Mappings
GO:0106437,"protein-glutamic acid ligase activity, initiating",5,3678,5,262673,71.4173463839043,5.368052017132948e-10,1.3896164844351708e-08,Rhea Mappings
GO:0106026,Gly-tRNA(Ala) deacylase activity,2,3678,2,262673,71.41734638390429,0.00019600905719032726,0.0010887628601827085,Rhea Mappings
GO:0106226,peptide 2-hydroxyisobutyryltransferase activity,2,3678,2,262673,71.41734638390429,0.00019600905719032726,0.0010887628601827085,Rhea Mappings
GO:0051922,cholesterol sulfotransferase activity,2,3678,2,262673,71.41734638390429,0.00019600905719032726,0.0010887628601827085,Rhea Mappings
GO:0106231,NAD-dependent protein-lysine depropionylase activity,2,3678,2,262673,71.41734638390429,0.00019600905719032726,0.0010887628601827085,Rhea Mappings
GO:0070780,dihydrosphingosine-1-phosphate phosphatase activity,2,3678,2,262673,71.41734638390429,0.00019600905719032726,0.0010887628601827085,Rhea Mappings
GO:0062183,all-trans retinoic acid 18-hydroxylase activity,2,3678,2,262673,71.41734638390429,0.00019600905719032726,0.0010887628601827085,Rhea Mappings
GO:0052848,"inositol-3,5-bisdiphosphate-2,3,4,6-tetrakisphosphate 5-diphosphatase activity",2,3678,2,262673,71.41734638390429,0.00019600905719032726,0.0010887628601827085,Rhea Mappings
GO:0106438,"protein-glutamic acid ligase activity, elongating",7,3678,7,262673,71.41734638390429,1.0493675621009711e-13,5.920504485089846e-12,Rhea Mappings
GO:0052833,inositol monophosphate 4-phosphatase activity,2,3678,2,262673,71.41734638390429,0.00019600905719032726,0.0010887628601827085,Rhea Mappings
GO:0052832,inositol monophosphate 3-phosphatase activity,2,3678,2,262673,71.41734638390429,0.00019600905719032726,0.0010887628601827085,Rhea Mappings
GO:0052828,"inositol-3,4-bisphosphate 4-phosphatase activity",2,3678,2,262673,71.41734638390429,0.00019600905719032726,0.0010887628601827085,Rhea Mappings
GO:0052723,inositol hexakisphosphate 1-kinase activity,2,3678,2,262673,71.41734638390429,0.00019600905719032726,0.0010887628601827085,Rhea Mappings
GO:0052845,"inositol-5-diphosphate-1,2,3,4,6-pentakisphosphate diphosphatase activity",2,3678,2,262673,71.41734638390429,0.00019600905719032726,0.0010887628601827085,Rhea Mappings
GO:0050649,testosterone 6-beta-hydroxylase activity,2,3678,2,262673,71.41734638390429,0.00019600905719032726,0.0010887628601827085,Rhea Mappings
GO:0047956,glycerol dehydrogenase (NADP+) activity,2,3678,2,262673,71.41734638390429,0.00019600905719032726,0.0010887628601827085,Rhea Mappings
GO:0110152,RNA NAD+-cap (NAD+-forming) hydrolase activity,2,3678,2,262673,71.41734638390429,0.00019600905719032726,0.0010887628601827085,Rhea Mappings
GO:0047506,dAMP kinase activity,2,3678,2,262673,71.41734638390429,0.00019600905719032726,0.0010887628601827085,Rhea Mappings
GO:0047376,"all-trans-retinyl-palmitate hydrolase, all-trans-retinol forming activity",8,3678,8,262673,71.41734638390429,1.4665881082837441e-15,1.059030991876472e-13,Rhea Mappings
GO:0036403,arachidonate 8(S)-lipoxygenase activity,2,3678,2,262673,71.41734638390429,0.00019600905719032726,0.0010887628601827085,Rhea Mappings
GO:0036221,UTP diphosphatase activity,2,3678,2,262673,71.41734638390429,0.00019600905719032726,0.0010887628601827085,Rhea Mappings
GO:0036219,GTP diphosphatase activity,2,3678,2,262673,71.41734638390429,0.00019600905719032726,0.0010887628601827085,Rhea Mappings
GO:0034431,bis(5'-adenosyl)-hexaphosphatase activity,2,3678,2,262673,71.41734638390429,0.00019600905719032726,0.0010887628601827085,Rhea Mappings
GO:0019158,mannokinase activity,2,3678,2,262673,71.41734638390429,0.00019600905719032726,0.0010887628601827085,Rhea Mappings
GO:0017161,"inositol-1,3,4-trisphosphate 4-phosphatase activity",2,3678,2,262673,71.41734638390429,0.00019600905719032726,0.0010887628601827085,Rhea Mappings
GO:0010943,NADPH pyrophosphatase activity,2,3678,2,262673,71.41734638390429,0.00019600905719032726,0.0010887628601827085,Rhea Mappings
GO:0008999,protein-N-terminal-alanine acetyltransferase activity,2,3678,2,262673,71.41734638390429,0.00019600905719032726,0.0010887628601827085,Rhea Mappings
GO:0008877,glucose-1-phosphatase activity,2,3678,2,262673,71.41734638390429,0.00019600905719032726,0.0010887628601827085,Rhea Mappings
GO:0047954,glycerol-2-phosphatase activity,2,3678,2,262673,71.41734638390429,0.00019600905719032726,0.0010887628601827085,Rhea Mappings
GO:0008405,"arachidonate 11,12-epoxygenase activity",2,3678,2,262673,71.41734638390429,0.00019600905719032726,0.0010887628601827085,Rhea Mappings
GO:0160163,S-nitrosoglutathione reductase (NADPH) activity,2,3678,2,262673,71.41734638390429,0.00019600905719032726,0.0010887628601827085,Rhea Mappings
GO:0140087,acetaldehyde dehydrogenase (NAD+) activity,2,3678,2,262673,71.41734638390429,0.00019600905719032726,0.0010887628601827085,Rhea Mappings
GO:1990002,methylglyoxal reductase (NADPH) (acetol producing) activity,2,3678,2,262673,71.41734638390429,0.00019600905719032726,0.0010887628601827085,Rhea Mappings
GO:0106310,protein serine kinase activity,364,3678,378,262673,68.77225948079672,0.0,0.0,Rhea Mappings
GO:0090556,phosphatidylserine floppase activity,7,3678,8,262673,62.490178085916256,8.292279329729761e-13,3.67000233560943e-11,Rhea Mappings
GO:0140439,protein-cysteine S-stearoyltransferase activity,7,3678,8,262673,62.490178085916256,8.292279329729761e-13,3.67000233560943e-11,Rhea Mappings
GO:0140803,NAD+-protein-cysteine ADP-ribosyltransferase activity,6,3678,7,262673,61.21486832906082,5.1915031045702796e-11,1.5484222303196572e-09,Rhea Mappings
GO:0106029,tRNA pseudouridine synthase activity,5,3678,6,262673,59.51445531992025,3.1832993164303838e-09,7.279144436904144e-08,Rhea Mappings
GO:0052659,"inositol-1,3,4,5-tetrakisphosphate 5-phosphatase activity",4,3678,5,262673,57.13387710712344,1.8974456680442983e-07,3.0991612578056874e-06,Rhea Mappings
GO:0034061,DNA polymerase activity,16,3678,20,262673,57.13387710712344,9.716251380185863e-27,1.2118815357831821e-24,Rhea Mappings
GO:0052869,arachidonate omega-hydroxylase activity,4,3678,5,262673,57.13387710712344,1.8974456680442983e-07,3.0991612578056874e-06,Rhea Mappings
GO:0140806,NAD+-protein-aspartate ADP-ribosyltransferase activity,12,3678,15,262673,57.13387710712344,2.4421994080139714e-20,2.0941859923719803e-18,Rhea Mappings
GO:0106292,superoxide-generating NADPH oxidase activity,4,3678,5,262673,57.13387710712344,1.8974456680442983e-07,3.0991612578056874e-06,Rhea Mappings
GO:0008865,fructokinase activity,4,3678,5,262673,57.13387710712344,1.8974456680442983e-07,3.0991612578056874e-06,Rhea Mappings
GO:0160008,protein decrotonylase activity,4,3678,5,262673,57.13387710712344,1.8974456680442983e-07,3.0991612578056874e-06,Rhea Mappings
GO:0140807,NAD+-protein-glutamate ADP-ribosyltransferase activity,11,3678,14,262673,56.11362930163909,1.3998167904999366e-18,1.0669714647588406e-16,Rhea Mappings
GO:0140561,EGF-domain serine glucosyltransferase activity,3,3678,4,262673,53.56300978792822,1.0857211235146448e-05,0.00010716614255122969,Rhea Mappings
GO:0120300,peptide lactyltransferase (CoA-dependent) activity,3,3678,4,262673,53.56300978792822,1.0857211235146448e-05,0.00010716614255122969,Rhea Mappings
GO:0140562,EGF-domain serine xylosyltransferase activity,3,3678,4,262673,53.56300978792822,1.0857211235146448e-05,0.00010716614255122969,Rhea Mappings
GO:0036431,dCMP kinase activity,3,3678,4,262673,53.56300978792822,1.0857211235146448e-05,0.00010716614255122969,Rhea Mappings
GO:0000832,inositol hexakisphosphate 5-kinase activity,3,3678,4,262673,53.56300978792822,1.0857211235146448e-05,0.00010716614255122969,Rhea Mappings
GO:0043813,"phosphatidylinositol-3,5-bisphosphate 5-phosphatase activity",3,3678,4,262673,53.56300978792822,1.0857211235146448e-05,0.00010716614255122969,Rhea Mappings
GO:0140804,NAD+-protein-lysine ADP-ribosyltransferase activity,5,3678,7,262673,51.01239027421735,1.1011760029652224e-08,2.3606460563566955e-07,Rhea Mappings
GO:0047975,guanosine phosphorylase activity,2,3678,3,262673,47.6115642559362,0.0005825409984399081,0.002537289682093822,Rhea Mappings
GO:0052654,L-leucine-2-oxoglutarate transaminase activity,2,3678,3,262673,47.6115642559362,0.0005825409984399081,0.002537289682093822,Rhea Mappings
GO:0035529,NADH pyrophosphatase activity,2,3678,3,262673,47.6115642559362,0.0005825409984399081,0.002537289682093822,Rhea Mappings
GO:0052655,L-valine-2-oxoglutarate transaminase activity,2,3678,3,262673,47.6115642559362,0.0005825409984399081,0.002537289682093822,Rhea Mappings
GO:0036130,prostaglandin H2 endoperoxidase reductase activity,2,3678,3,262673,47.6115642559362,0.0005825409984399081,0.002537289682093822,Rhea Mappings
GO:0047847,deoxyuridine phosphorylase activity,2,3678,3,262673,47.6115642559362,0.0005825409984399081,0.002537289682093822,Rhea Mappings
GO:0140805,NAD+-protein-serine ADP-ribosyltransferase activity,2,3678,3,262673,47.6115642559362,0.0005825409984399081,0.002537289682093822,Rhea Mappings
GO:0043273,CTPase activity,4,3678,6,262673,47.6115642559362,5.628671017457974e-07,8.486303995552021e-06,Rhea Mappings
GO:0052814,medium-chain fatty aldehyde dehydrogenase (NAD+) activity,2,3678,3,262673,47.6115642559362,0.0005825409984399081,0.002537289682093822,Rhea Mappings
GO:0052656,L-isoleucine-2-oxoglutarate transaminase activity,2,3678,3,262673,47.6115642559362,0.0005825409984399081,0.002537289682093822,Rhea Mappings
GO:0050295,steryl-beta-glucosidase activity,2,3678,3,262673,47.6115642559362,0.0005825409984399081,0.002537289682093822,Rhea Mappings
GO:0062152,mRNA (cytidine-5-)-methyltransferase activity,2,3678,3,262673,47.6115642559362,0.0005825409984399081,0.002537289682093822,Rhea Mappings
GO:0101021,estrogen 2-hydroxylase activity,4,3678,6,262673,47.6115642559362,5.628671017457974e-07,8.486303995552021e-06,Rhea Mappings
GO:0120092,crotonyl-CoA hydratase activity,2,3678,3,262673,47.6115642559362,0.0005825409984399081,0.002537289682093822,Rhea Mappings
GO:0140064,peptide crotonyltransferase activity,2,3678,3,262673,47.6115642559362,0.0005825409984399081,0.002537289682093822,Rhea Mappings
GO:0106363,protein-cysteine methyltransferase activity,2,3678,3,262673,47.6115642559362,0.0005825409984399081,0.002537289682093822,Rhea Mappings
GO:0047693,ATP diphosphatase activity,2,3678,3,262673,47.6115642559362,0.0005825409984399081,0.002537289682093822,Rhea Mappings
GO:0103026,fructose-1-phosphatase activity,2,3678,3,262673,47.6115642559362,0.0005825409984399081,0.002537289682093822,Rhea Mappings
GO:0070251,pristanate-CoA ligase activity,2,3678,3,262673,47.6115642559362,0.0005825409984399081,0.002537289682093822,Rhea Mappings
GO:0140567,membrane protein dislocase activity,2,3678,3,262673,47.6115642559362,0.0005825409984399081,0.002537289682093822,Rhea Mappings
GO:0160010,protein de-2-hydroxyisobutyrylase activity,2,3678,3,262673,47.6115642559362,0.0005825409984399081,0.002537289682093822,Rhea Mappings
GO:0070735,protein-glycine ligase activity,2,3678,3,262673,47.6115642559362,0.0005825409984399081,0.002537289682093822,Rhea Mappings
GO:0030351,"inositol-1,3,4,5,6-pentakisphosphate 3-phosphatase activity",2,3678,3,262673,47.6115642559362,0.0005825409984399081,0.002537289682093822,Rhea Mappings
GO:0031545,peptidyl-proline 4-dioxygenase activity,2,3678,3,262673,47.6115642559362,0.0005825409984399081,0.002537289682093822,Rhea Mappings
GO:0090554,phosphatidylcholine floppase activity,6,3678,9,262673,47.611564255936194,6.081455172579298e-10,1.517046635777963e-08,Rhea Mappings
GO:0047822,hypotaurine monooxygenase activity,3,3678,5,262673,42.850407830342576,2.6858411236567144e-05,0.00022607202586852836,Rhea Mappings
GO:0102391,decanoate-CoA ligase activity,3,3678,5,262673,42.850407830342576,2.6858411236567144e-05,0.00022607202586852836,Rhea Mappings
GO:0043771,cytidine kinase activity,3,3678,5,262673,42.850407830342576,2.6858411236567144e-05,0.00022607202586852836,Rhea Mappings
GO:0017095,heparan sulfate 6-sulfotransferase activity,3,3678,5,262673,42.850407830342576,2.6858411236567144e-05,0.00022607202586852836,Rhea Mappings
GO:0004032,aldose reductase (NADPH) activity,3,3678,5,262673,42.850407830342576,2.6858411236567144e-05,0.00022607202586852836,Rhea Mappings
GO:0160216,protein lysine delactylase activity,3,3678,5,262673,42.850407830342576,2.6858411236567144e-05,0.00022607202586852836,Rhea Mappings
GO:0004661,protein geranylgeranyltransferase activity,4,3678,7,262673,40.80991221937388,1.2986742240263887e-06,1.6969343193944813e-05,Rhea Mappings
GO:0140941,histone H4K20me methyltransferase activity,4,3678,7,262673,40.80991221937388,1.2986742240263887e-06,1.6969343193944813e-05,Rhea Mappings
GO:0043530,adenosine 5'-monophosphoramidase activity,4,3678,7,262673,40.80991221937388,1.2986742240263887e-06,1.6969343193944813e-05,Rhea Mappings
GO:0018812,3-hydroxyacyl-CoA dehydratase activity,4,3678,7,262673,40.80991221937388,1.2986742240263887e-06,1.6969343193944813e-05,Rhea Mappings
GO:0106262,1-acylglycerophosphoethanolamine O-acyltransferase activity,4,3678,7,262673,40.80991221937388,1.2986742240263887e-06,1.6969343193944813e-05,Rhea Mappings
GO:0140944,histone H4K20 monomethyltransferase activity,6,3678,11,262673,38.95491620940234,3.265191236939749e-09,7.344003896854649e-08,Rhea Mappings
GO:0047555,"3',5'-cyclic-GMP phosphodiesterase activity",15,3678,28,262673,38.259292705663015,4.783923002568589e-21,4.375694906349404e-19,Rhea Mappings
GO:0043262,ADP phosphatase activity,3,3678,6,262673,35.70867319195215,5.3153955371942104e-05,0.0004006990481884866,Rhea Mappings
GO:0140948,histone H3K9 monomethyltransferase activity,5,3678,10,262673,35.70867319195215,1.2757980368753022e-07,2.2732401384323568e-06,Rhea Mappings
GO:0140954,histone H3K36 dimethyltransferase activity,3,3678,6,262673,35.70867319195215,5.3153955371942104e-05,0.0004006990481884866,Rhea Mappings
GO:0035605,peptidyl-cysteine S-nitrosylase activity,3,3678,6,262673,35.70867319195215,5.3153955371942104e-05,0.0004006990481884866,Rhea Mappings
GO:0045134,UDP phosphatase activity,3,3678,6,262673,35.70867319195215,5.3153955371942104e-05,0.0004006990481884866,Rhea Mappings
GO:0047045,testosterone dehydrogenase (NADP+) activity,3,3678,6,262673,35.70867319195215,5.3153955371942104e-05,0.0004006990481884866,Rhea Mappings
GO:0033745,L-methionine-(R)-S-oxide reductase activity,3,3678,6,262673,35.70867319195215,5.3153955371942104e-05,0.0004006990481884866,Rhea Mappings
GO:0047276,N-acetyllactosaminide 3-alpha-galactosyltransferase activity,3,3678,6,262673,35.70867319195215,5.3153955371942104e-05,0.0004006990481884866,Rhea Mappings
GO:0033782,24S-hydroxycholesterol 7-alpha-hydroxylase activity,3,3678,6,262673,35.70867319195215,5.3153955371942104e-05,0.0004006990481884866,Rhea Mappings
GO:0120501,F-actin monooxygenase activity,3,3678,6,262673,35.70867319195215,5.3153955371942104e-05,0.0004006990481884866,Rhea Mappings
GO:0047649,alkylglycerol kinase activity,3,3678,6,262673,35.70867319195215,5.3153955371942104e-05,0.0004006990481884866,Rhea Mappings
GO:0140824,thioredoxin-dependent peroxiredoxin activity,5,3678,10,262673,35.70867319195215,1.2757980368753022e-07,2.2732401384323568e-06,Rhea Mappings
GO:0004340,glucokinase activity,5,3678,10,262673,35.70867319195215,1.2757980368753022e-07,2.2732401384323568e-06,Rhea Mappings
GO:0052834,inositol monophosphate phosphatase activity,3,3678,6,262673,35.70867319195215,5.3153955371942104e-05,0.0004006990481884866,Rhea Mappings
GO:0070579,DNA 5-methylcytosine dioxygenase activity,3,3678,6,262673,35.70867319195215,5.3153955371942104e-05,0.0004006990481884866,Rhea Mappings
GO:0052658,"inositol-1,4,5-trisphosphate 5-phosphatase activity",3,3678,6,262673,35.70867319195215,5.3153955371942104e-05,0.0004006990481884866,Rhea Mappings
GO:0090524,"cytochrome-b5 reductase activity, acting on NADH",5,3678,10,262673,35.70867319195215,1.2757980368753022e-07,2.2732401384323568e-06,Rhea Mappings
GO:0061463,O-acetyl-ADP-ribose deacetylase activity,3,3678,6,262673,35.70867319195215,5.3153955371942104e-05,0.0004006990481884866,Rhea Mappings
GO:0004060,arylamine N-acetyltransferase activity,3,3678,6,262673,35.70867319195215,5.3153955371942104e-05,0.0004006990481884866,Rhea Mappings
GO:0008948,oxaloacetate decarboxylase activity,4,3678,8,262673,35.708673191952144,2.568325708759614e-06,3.0641242368853835e-05,Rhea Mappings
GO:0033882,choloyl-CoA hydrolase activity,2,3678,4,262673,35.708673191952144,0.0011542247855823638,0.004291589175661256,Rhea Mappings
GO:0120516,diacylglycerol lipase activity,2,3678,4,262673,35.708673191952144,0.0011542247855823638,0.004291589175661256,Rhea Mappings
GO:0033842,N-acetyl-beta-glucosaminyl-derivative 4-beta-N-acetylgalactosaminyltransferase activity,2,3678,4,262673,35.708673191952144,0.0011542247855823638,0.004291589175661256,Rhea Mappings
GO:0061697,protein-glutaryllysine deglutarylase activity,2,3678,4,262673,35.708673191952144,0.0011542247855823638,0.004291589175661256,Rhea Mappings
GO:0061920,protein propionyltransferase activity,2,3678,4,262673,35.708673191952144,0.0011542247855823638,0.004291589175661256,Rhea Mappings
GO:1990189,protein N-terminal-serine acetyltransferase activity,2,3678,4,262673,35.708673191952144,0.0011542247855823638,0.004291589175661256,Rhea Mappings
GO:0140613,P-type manganese transporter activity,2,3678,4,262673,35.708673191952144,0.0011542247855823638,0.004291589175661256,Rhea Mappings
GO:0004068,aspartate 1-decarboxylase activity,2,3678,4,262673,35.708673191952144,0.0011542247855823638,0.004291589175661256,Rhea Mappings
GO:0106386,(3R)-3-hydroxyacyl-CoA dehydrogenase (NAD+) activity,2,3678,4,262673,35.708673191952144,0.0011542247855823638,0.004291589175661256,Rhea Mappings
GO:0030272,5-formyltetrahydrofolate cyclo-ligase activity,2,3678,4,262673,35.708673191952144,0.0011542247855823638,0.004291589175661256,Rhea Mappings
GO:0141208,NAD-dependent protein lysine delactylase activity,2,3678,4,262673,35.708673191952144,0.0011542247855823638,0.004291589175661256,Rhea Mappings
GO:0102193,protein-ribulosamine 3-kinase activity,2,3678,4,262673,35.708673191952144,0.0011542247855823638,0.004291589175661256,Rhea Mappings
GO:0019145,aminobutyraldehyde dehydrogenase (NAD+) activity,2,3678,4,262673,35.708673191952144,0.0011542247855823638,0.004291589175661256,Rhea Mappings
GO:0102209,trans-permethrin hydrolase activity,2,3678,4,262673,35.708673191952144,0.0011542247855823638,0.004291589175661256,Rhea Mappings
GO:0140563,"UDP-D-xylose:beta-D-glucoside alpha-1,3-D-xylosyltransferase activity",2,3678,4,262673,35.708673191952144,0.0011542247855823638,0.004291589175661256,Rhea Mappings
GO:0004161,dimethylallyltranstransferase activity,2,3678,4,262673,35.708673191952144,0.0011542247855823638,0.004291589175661256,Rhea Mappings
GO:0004756,"selenide, water dikinase activity",2,3678,4,262673,35.708673191952144,0.0011542247855823638,0.004291589175661256,Rhea Mappings
GO:0140680,histone H3K36me/H3K36me2 demethylase activity,4,3678,8,262673,35.708673191952144,2.568325708759614e-06,3.0641242368853835e-05,Rhea Mappings
GO:0050633,acetyl-CoA C-myristoyltransferase activity,4,3678,8,262673,35.708673191952144,2.568325708759614e-06,3.0641242368853835e-05,Rhea Mappings
GO:0004572,"mannosyl-oligosaccharide 1,3-1,6-alpha-mannosidase activity",2,3678,4,262673,35.708673191952144,0.0011542247855823638,0.004291589175661256,Rhea Mappings
GO:0047322,[hydroxymethylglutaryl-CoA reductase (NADPH)] kinase activity,2,3678,4,262673,35.708673191952144,0.0011542247855823638,0.004291589175661256,Rhea Mappings
GO:0047290,"alpha-N-acetylneuraminyl-2,3-beta-galactosyl-1,3-N-acetyl-galactosaminide 6-alpha-sialyltransferase activity",2,3678,4,262673,35.708673191952144,0.0011542247855823638,0.004291589175661256,Rhea Mappings
GO:0047655,allyl-alcohol dehydrogenase activity,2,3678,4,262673,35.708673191952144,0.0011542247855823638,0.004291589175661256,Rhea Mappings
GO:0047196,long-chain-alcohol O-fatty-acyltransferase activity,2,3678,4,262673,35.708673191952144,0.0011542247855823638,0.004291589175661256,Rhea Mappings
GO:0047159,plasmalogen synthase activity,2,3678,4,262673,35.708673191952144,0.0011542247855823638,0.004291589175661256,Rhea Mappings
GO:0003854,3-beta-hydroxy-Delta5-steroid dehydrogenase (NAD+) activity,4,3678,8,262673,35.708673191952144,2.568325708759614e-06,3.0641242368853835e-05,Rhea Mappings
GO:0050610,methylarsonate reductase activity,2,3678,4,262673,35.708673191952144,0.0011542247855823638,0.004291589175661256,Rhea Mappings
GO:0044715,8-oxo-dGDP phosphatase activity,2,3678,4,262673,35.708673191952144,0.0011542247855823638,0.004291589175661256,Rhea Mappings
GO:0004441,"inositol-1,4-bisphosphate 1-phosphatase activity",2,3678,4,262673,35.708673191952144,0.0011542247855823638,0.004291589175661256,Rhea Mappings
GO:0051736,ATP-dependent polyribonucleotide 5'-hydroxyl-kinase activity,2,3678,4,262673,35.708673191952144,0.0011542247855823638,0.004291589175661256,Rhea Mappings
GO:0052732,phosphoethanolamine phosphatase activity,2,3678,4,262673,35.708673191952144,0.0011542247855823638,0.004291589175661256,Rhea Mappings
GO:0140774,NAD-dependent protein depalmitoylase activity,2,3678,4,262673,35.708673191952144,0.0011542247855823638,0.004291589175661256,Rhea Mappings
GO:0140773,NAD-dependent protein demyristoylase activity,2,3678,4,262673,35.708673191952144,0.0011542247855823638,0.004291589175661256,Rhea Mappings
GO:0140955,histone H3K36 trimethyltransferase activity,4,3678,8,262673,35.708673191952144,2.568325708759614e-06,3.0641242368853835e-05,Rhea Mappings
GO:0141131,DNA N6-methyladenine demethylase activity,2,3678,4,262673,35.708673191952144,0.0011542247855823638,0.004291589175661256,Rhea Mappings
GO:0004337,"(2E,6E)-farnesyl diphosphate synthase activity",2,3678,4,262673,35.708673191952144,0.0011542247855823638,0.004291589175661256,Rhea Mappings
GO:0047389,glycerophosphocholine phosphodiesterase activity,2,3678,4,262673,35.708673191952144,0.0011542247855823638,0.004291589175661256,Rhea Mappings
GO:0000210,NAD+ diphosphatase activity,2,3678,4,262673,35.708673191952144,0.0011542247855823638,0.004291589175661256,Rhea Mappings
GO:0141221,"histone deacetylase activity, hydrolytic mechanism",9,3678,19,262673,33.829269339744144,1.6681232159625793e-12,6.53904300657331e-11,Rhea Mappings
GO:0140945,histone H3K4 monomethyltransferase activity,8,3678,17,262673,33.60816300419026,3.186216166192565e-11,9.935201318218635e-10,Rhea Mappings
GO:0031957,very long-chain fatty acid-CoA ligase activity,6,3678,13,262673,32.9618521771866,1.183934441127242e-08,2.499012389579348e-07,Rhea Mappings
GO:0061733,protein-lysine-acetyltransferase activity,25,3678,55,262673,32.462430174501954,8.588208440598754e-32,1.9638369967502484e-29,Rhea Mappings
GO:0004438,phosphatidylinositol-3-phosphate phosphatase activity,9,3678,20,262673,32.137805872756935,2.9948704681416497e-12,1.0813058637606166e-10,Rhea Mappings
GO:0160082,hypoxia-inducible factor-proline dioxygenase activity,4,3678,9,262673,31.741042837290795,4.571353490534224e-06,4.938501566151933e-05,Rhea Mappings
GO:0003846,2-acylglycerol O-acyltransferase activity,4,3678,9,262673,31.741042837290795,4.571353490534224e-06,4.938501566151933e-05,Rhea Mappings
GO:0035241,protein-arginine omega-N monomethyltransferase activity,4,3678,9,262673,31.741042837290795,4.571353490534224e-06,4.938501566151933e-05,Rhea Mappings
GO:0004382,GDP phosphatase activity,4,3678,9,262673,31.741042837290795,4.571353490534224e-06,4.938501566151933e-05,Rhea Mappings
GO:0140999,histone H3K4 trimethyltransferase activity,4,3678,9,262673,31.741042837290795,4.571353490534224e-06,4.938501566151933e-05,Rhea Mappings
GO:0004769,steroid Delta-isomerase activity,4,3678,9,262673,31.741042837290795,4.571353490534224e-06,4.938501566151933e-05,Rhea Mappings
GO:0047676,arachidonate-CoA ligase activity,11,3678,25,262673,31.423632408917893,1.4878653521041733e-14,1.0206756315434629e-12,Rhea Mappings
GO:0034485,"phosphatidylinositol-3,4,5-trisphosphate 5-phosphatase activity",7,3678,16,262673,31.245089042958128,1.0747264587938991e-09,2.5868854411670696e-08,Rhea Mappings
GO:0004115,"3',5'-cyclic-AMP phosphodiesterase activity",17,3678,39,262673,31.130638167342898,1.1237488490133475e-21,1.1012738720330806e-19,Rhea Mappings
GO:0106435,carboxylesterase activity,9,3678,21,262673,30.607434164530414,5.175226998931046e-12,1.775102860633349e-10,Rhea Mappings
GO:0106263,1-acylglycerophosphoserine O-acyltransferase activity,3,3678,7,262673,30.60743416453041,9.204541623365638e-05,0.0006443179136355946,Rhea Mappings
GO:0016309,1-phosphatidylinositol-5-phosphate 4-kinase activity,3,3678,7,262673,30.60743416453041,9.204541623365638e-05,0.0006443179136355946,Rhea Mappings
GO:0033883,pyridoxal phosphatase activity,3,3678,7,262673,30.60743416453041,9.204541623365638e-05,0.0006443179136355946,Rhea Mappings
GO:0008106,alcohol dehydrogenase (NADP+) activity,3,3678,7,262673,30.60743416453041,9.204541623365638e-05,0.0006443179136355946,Rhea Mappings
GO:0016165,linoleate 13S-lipoxygenase activity,3,3678,7,262673,30.60743416453041,9.204541623365638e-05,0.0006443179136355946,Rhea Mappings
GO:0047192,1-alkylglycerophosphocholine O-acetyltransferase activity,3,3678,7,262673,30.60743416453041,9.204541623365638e-05,0.0006443179136355946,Rhea Mappings
GO:0034899,trimethylamine monooxygenase activity,3,3678,7,262673,30.60743416453041,9.204541623365638e-05,0.0006443179136355946,Rhea Mappings
GO:0047710,bis(5'-adenosyl)-triphosphatase activity,3,3678,7,262673,30.60743416453041,9.204541623365638e-05,0.0006443179136355946,Rhea Mappings
GO:0016937,short-chain fatty acyl-CoA dehydrogenase activity,3,3678,7,262673,30.60743416453041,9.204541623365638e-05,0.0006443179136355946,Rhea Mappings
GO:0004849,uridine kinase activity,3,3678,7,262673,30.60743416453041,9.204541623365638e-05,0.0006443179136355946,Rhea Mappings
GO:0050252,retinol O-fatty-acyltransferase activity,3,3678,7,262673,30.60743416453041,9.204541623365638e-05,0.0006443179136355946,Rhea Mappings
GO:0008458,carnitine O-octanoyltransferase activity,3,3678,7,262673,30.60743416453041,9.204541623365638e-05,0.0006443179136355946,Rhea Mappings
GO:0140078,class I DNA-(apurinic or apyrimidinic site) endonuclease activity,8,3678,19,262673,30.070461635328126,9.662056811181404e-11,2.761737905196018e-09,Rhea Mappings
GO:0034647,histone H3K4me/H3K4me2/H3K4me3 demethylase activity,4,3678,10,262673,28.56693855356172,7.533869281588575e-06,7.830658071469337e-05,Rhea Mappings
GO:0033798,thyroxine 5-deiodinase activity,2,3678,5,262673,28.56693855356172,0.0019058023684789605,0.00650438022276899,Rhea Mappings
GO:0033963,"cholesterol-5,6-oxide hydrolase activity",2,3678,5,262673,28.56693855356172,0.0019058023684789605,0.00650438022276899,Rhea Mappings
GO:0004776,succinate-CoA ligase (GDP-forming) activity,2,3678,5,262673,28.56693855356172,0.0019058023684789605,0.00650438022276899,Rhea Mappings
GO:0004778,succinyl-CoA hydrolase activity,2,3678,5,262673,28.56693855356172,0.0019058023684789605,0.00650438022276899,Rhea Mappings
GO:0033558,protein lysine deacetylase activity,6,3678,15,262673,28.56693855356172,3.371036871489003e-08,6.702989257511468e-07,Rhea Mappings
GO:0004782,sulfinoalanine decarboxylase activity,2,3678,5,262673,28.56693855356172,0.0019058023684789605,0.00650438022276899,Rhea Mappings
GO:0141148,enoyl-[acyl-carrier-protein] reductase (NADPH) activity,2,3678,5,262673,28.56693855356172,0.0019058023684789605,0.00650438022276899,Rhea Mappings
GO:0003945,N-acetyllactosamine synthase activity,4,3678,10,262673,28.56693855356172,7.533869281588575e-06,7.830658071469337e-05,Rhea Mappings
GO:0004081,bis(5'-nucleosyl)-tetraphosphatase (asymmetrical) activity,2,3678,5,262673,28.56693855356172,0.0019058023684789605,0.00650438022276899,Rhea Mappings
GO:0140951,histone H3K27 trimethyltransferase activity,2,3678,5,262673,28.56693855356172,0.0019058023684789605,0.00650438022276899,Rhea Mappings
GO:0004142,diacylglycerol cholinephosphotransferase activity,2,3678,5,262673,28.56693855356172,0.0019058023684789605,0.00650438022276899,Rhea Mappings
GO:0061711,tRNA N(6)-L-threonylcarbamoyladenine synthase activity,2,3678,5,262673,28.56693855356172,0.0019058023684789605,0.00650438022276899,Rhea Mappings
GO:0004305,ethanolamine kinase activity,4,3678,10,262673,28.56693855356172,7.533869281588575e-06,7.830658071469337e-05,Rhea Mappings
GO:0004167,dopachrome isomerase activity,2,3678,5,262673,28.56693855356172,0.0019058023684789605,0.00650438022276899,Rhea Mappings
GO:0004439,"phosphatidylinositol-4,5-bisphosphate 5-phosphatase activity",10,3678,25,262673,28.56693855356172,7.725606115865367e-13,3.655010893436994e-11,Rhea Mappings
GO:0003853,short-chain 2-methyl fatty acyl-CoA dehydrogenase activity,2,3678,5,262673,28.56693855356172,0.0019058023684789605,0.00650438022276899,Rhea Mappings
GO:0050061,long-chain fatty aldehyde dehydrogenase (NAD+) activity,2,3678,5,262673,28.56693855356172,0.0019058023684789605,0.00650438022276899,Rhea Mappings
GO:0004136,deoxyadenosine kinase activity,2,3678,5,262673,28.56693855356172,0.0019058023684789605,0.00650438022276899,Rhea Mappings
GO:0036384,CDP phosphatase activity,2,3678,5,262673,28.56693855356172,0.0019058023684789605,0.00650438022276899,Rhea Mappings
GO:0047804,cysteine-S-conjugate beta-lyase activity,2,3678,5,262673,28.56693855356172,0.0019058023684789605,0.00650438022276899,Rhea Mappings
GO:0047237,glucuronylgalactosylproteoglycan 4-beta-N-acetylgalactosaminyltransferase activity,2,3678,5,262673,28.56693855356172,0.0019058023684789605,0.00650438022276899,Rhea Mappings
GO:0102965,alcohol-forming long-chain fatty acyl-CoA reductase activity,2,3678,5,262673,28.56693855356172,0.0019058023684789605,0.00650438022276899,Rhea Mappings
GO:0047024,"5-alpha-androstane-3-beta,17-beta-diol dehydrogenase (NADP+) activity",4,3678,10,262673,28.56693855356172,7.533869281588575e-06,7.830658071469337e-05,Rhea Mappings
GO:0046934,"1-phosphatidylinositol-4,5-bisphosphate 3-kinase activity",6,3678,15,262673,28.56693855356172,3.371036871489003e-08,6.702989257511468e-07,Rhea Mappings
GO:0018858,benzoate-CoA ligase activity,2,3678,5,262673,28.56693855356172,0.0019058023684789605,0.00650438022276899,Rhea Mappings
GO:0141207,peptide lactyltransferase (ATP-dependent) activity,2,3678,5,262673,28.56693855356172,0.0019058023684789605,0.00650438022276899,Rhea Mappings
GO:0003863,branched-chain 2-oxo acid dehydrogenase activity,2,3678,5,262673,28.56693855356172,0.0019058023684789605,0.00650438022276899,Rhea Mappings
GO:0018820,cyanamide hydratase activity,2,3678,5,262673,28.56693855356172,0.0019058023684789605,0.00650438022276899,Rhea Mappings
GO:0140581,P-type monovalent copper transporter activity,2,3678,5,262673,28.56693855356172,0.0019058023684789605,0.00650438022276899,Rhea Mappings
GO:0008126,acetylesterase activity,2,3678,5,262673,28.56693855356172,0.0019058023684789605,0.00650438022276899,Rhea Mappings
GO:0008441,"3'(2'),5'-bisphosphate nucleotidase activity",2,3678,5,262673,28.56693855356172,0.0019058023684789605,0.00650438022276899,Rhea Mappings
GO:0008934,inositol monophosphate 1-phosphatase activity,2,3678,5,262673,28.56693855356172,0.0019058023684789605,0.00650438022276899,Rhea Mappings
GO:0004021,L-alanine:2-oxoglutarate aminotransferase activity,2,3678,5,262673,28.56693855356172,0.0019058023684789605,0.00650438022276899,Rhea Mappings
GO:0001888,glucuronyl-galactosyl-proteoglycan 4-alpha-N-acetylglucosaminyltransferase activity,2,3678,5,262673,28.56693855356172,0.0019058023684789605,0.00650438022276899,Rhea Mappings
GO:0002951,leukotriene-C(4) hydrolase,2,3678,5,262673,28.56693855356172,0.0019058023684789605,0.00650438022276899,Rhea Mappings
GO:0019706,protein-cysteine S-palmitoyltransferase activity,24,3678,61,262673,28.098628085470544,1.0828930211770846e-28,1.8571615313187002e-26,Rhea Mappings
GO:0035242,protein-arginine omega-N asymmetric methyltransferase activity,7,3678,18,262673,27.773412482629446,2.9171529328783673e-09,6.783616650693423e-08,Rhea Mappings
GO:0140683,histone H3K9me/H3K9me2 demethylase activity,5,3678,13,262673,27.468210147655498,6.290995895191987e-07,9.280910073336997e-06,Rhea Mappings
GO:0047023,androsterone dehydrogenase [NAD(P)+] activity,5,3678,13,262673,27.468210147655498,6.290995895191987e-07,9.280910073336997e-06,Rhea Mappings
GO:0008970,phospholipase A1 activity,10,3678,26,262673,27.468210147655498,1.2394984749046701e-12,5.001740904615316e-11,Rhea Mappings
GO:0052629,"phosphatidylinositol-3,5-bisphosphate 3-phosphatase activity",8,3678,21,262673,27.206608146249255,2.5372229857470823e-10,6.82562732636274e-09,Rhea Mappings
GO:0050211,procollagen galactosyltransferase activity,3,3678,8,262673,26.78150489396411,0.00014573167054881132,0.0009256659814489311,Rhea Mappings
GO:0047751,3-oxo-5-alpha-steroid 4-dehydrogenase (NADP+) activity,3,3678,8,262673,26.78150489396411,0.00014573167054881132,0.0009256659814489311,Rhea Mappings
GO:0004082,bisphosphoglycerate mutase activity,3,3678,8,262673,26.78150489396411,0.00014573167054881132,0.0009256659814489311,Rhea Mappings
GO:0140949,histone H3K9 trimethyltransferase activity,3,3678,8,262673,26.78150489396411,0.00014573167054881132,0.0009256659814489311,Rhea Mappings
GO:0008753,NADPH dehydrogenase (quinone) activity,3,3678,8,262673,26.78150489396411,0.00014573167054881132,0.0009256659814489311,Rhea Mappings
GO:0050265,RNA uridylyltransferase activity,3,3678,8,262673,26.78150489396411,0.00014573167054881132,0.0009256659814489311,Rhea Mappings
GO:0140933,5'-(N(7)-methylguanosine 5'-triphospho)-[mRNA] hydrolase activity,6,3678,16,262673,26.78150489396411,5.329175406694739e-08,1.041579950071229e-06,Rhea Mappings
GO:0004027,alcohol sulfotransferase activity,3,3678,8,262673,26.78150489396411,0.00014573167054881132,0.0009256659814489311,Rhea Mappings
GO:1990003,IDP phosphatase activity,3,3678,8,262673,26.78150489396411,0.00014573167054881132,0.0009256659814489311,Rhea Mappings
GO:0003986,acetyl-CoA hydrolase activity,3,3678,8,262673,26.78150489396411,0.00014573167054881132,0.0009256659814489311,Rhea Mappings
GO:0008454,"alpha-1,3-mannosylglycoprotein 4-beta-N-acetylglucosaminyltransferase activity",3,3678,8,262673,26.78150489396411,0.00014573167054881132,0.0009256659814489311,Rhea Mappings
GO:0019797,procollagen-proline 3-dioxygenase activity,3,3678,8,262673,26.78150489396411,0.00014573167054881132,0.0009256659814489311,Rhea Mappings
GO:0140571,transmembrane ascorbate ferrireductase activity,3,3678,8,262673,26.78150489396411,0.00014573167054881132,0.0009256659814489311,Rhea Mappings
GO:0046404,ATP-dependent polydeoxyribonucleotide 5'-hydroxyl-kinase activity,3,3678,8,262673,26.78150489396411,0.00014573167054881132,0.0009256659814489311,Rhea Mappings
GO:0008118,"N-acetyllactosaminide alpha-2,3-sialyltransferase activity",3,3678,8,262673,26.78150489396411,0.00014573167054881132,0.0009256659814489311,Rhea Mappings
GO:0004768,stearoyl-CoA 9-desaturase activity,3,3678,8,262673,26.78150489396411,0.00014573167054881132,0.0009256659814489311,Rhea Mappings
GO:0047288,"beta-D-galactosyl-(1->3)-N-acetyl-beta-D-galactosaminide alpha-2,3- sialyltransferase",3,3678,8,262673,26.78150489396411,0.00014573167054881132,0.0009256659814489311,Rhea Mappings
GO:0052905,tRNA (guanosine(9)-N1)-methyltransferase activity,3,3678,8,262673,26.78150489396411,0.00014573167054881132,0.0009256659814489311,Rhea Mappings
GO:0008260,succinyl-CoA:3-oxo-acid CoA-transferase activity,3,3678,8,262673,26.78150489396411,0.00014573167054881132,0.0009256659814489311,Rhea Mappings
GO:0016887,ATP hydrolysis activity,151,3678,414,262673,26.04835580668973,5.984876932301581e-167,4.105625575558885e-164,Rhea Mappings
GO:0050218,propionate-CoA ligase activity,4,3678,11,262673,25.969944139601562,1.1706837263347716e-05,0.00011077090155388321,Rhea Mappings
GO:0047035,testosterone dehydrogenase (NAD+) activity,4,3678,11,262673,25.969944139601562,1.1706837263347716e-05,0.00011077090155388321,Rhea Mappings
GO:0140684,histone H3K9me2/H3K9me3 demethylase activity,4,3678,11,262673,25.969944139601562,1.1706837263347716e-05,0.00011077090155388321,Rhea Mappings
GO:0004740,pyruvate dehydrogenase (acetyl-transferring) kinase activity,4,3678,11,262673,25.969944139601562,1.1706837263347716e-05,0.00011077090155388321,Rhea Mappings
GO:0102158,very-long-chain (3R)-3-hydroxyacyl-CoA dehydratase activity,4,3678,11,262673,25.969944139601562,1.1706837263347716e-05,0.00011077090155388321,Rhea Mappings
GO:0050321,tau-protein kinase activity,9,3678,25,262673,25.710244698205546,3.419864290493336e-11,1.0426786236793017e-09,Rhea Mappings
GO:0004722,protein serine/threonine phosphatase activity,72,3678,201,262673,25.582333033040346,1.509723158403342e-79,4.1426803466587705e-77,Rhea Mappings
GO:0000253,3-beta-hydroxysteroid 3-dehydrogenase (NADP+) activity,5,3678,14,262673,25.506195137108676,9.672265705842669e-07,1.3541171988179737e-05,Rhea Mappings
GO:0042392,sphingosine-1-phosphate phosphatase activity,5,3678,14,262673,25.506195137108676,9.672265705842669e-07,1.3541171988179737e-05,Rhea Mappings
GO:0052650,all-trans-retinol dehydrogenase (NADP+) activity,10,3678,28,262673,25.506195137108676,2.9851646573515645e-12,1.0813058637606166e-10,Rhea Mappings
GO:0003985,acetyl-CoA C-acetyltransferase activity,5,3678,14,262673,25.506195137108676,9.672265705842669e-07,1.3541171988179737e-05,Rhea Mappings
GO:0004165,delta(3)-delta(2)-enoyl-CoA isomerase activity,5,3678,14,262673,25.506195137108676,9.672265705842669e-07,1.3541171988179737e-05,Rhea Mappings
GO:0004427,inorganic diphosphate phosphatase activity,5,3678,14,262673,25.506195137108676,9.672265705842669e-07,1.3541171988179737e-05,Rhea Mappings
GO:0016279,protein-lysine N-methyltransferase activity,22,3678,62,262673,25.341639039449912,3.105336205714721e-25,3.5504343952004977e-23,Rhea Mappings
GO:0106274,NAD+-protein-arginine ADP-ribosyltransferase activity,7,3678,20,262673,24.996071234366504,6.933538898699634e-09,1.5343250595186931e-07,Rhea Mappings
GO:0008195,phosphatidate phosphatase activity,8,3678,23,262673,24.840816133531927,5.962901855045372e-10,1.5150187676152312e-08,Rhea Mappings
GO:0004806,triacylglycerol lipase activity,17,3678,50,262673,24.28189777052746,1.8749976132326965e-19,1.513233367856035e-17,Rhea Mappings
GO:0097621,monoamine oxidase activity,2,3678,6,262673,23.8057821279681,0.0028321265750233574,0.008751526263360464,Rhea Mappings
GO:0047696,beta-adrenergic receptor kinase activity,2,3678,6,262673,23.8057821279681,0.0028321265750233574,0.008751526263360464,Rhea Mappings
GO:0004579,dolichyl-diphosphooligosaccharide-protein glycotransferase activity,2,3678,6,262673,23.8057821279681,0.0028321265750233574,0.008751526263360464,Rhea Mappings
GO:0047747,cholate-CoA ligase activity,2,3678,6,262673,23.8057821279681,0.0028321265750233574,0.008751526263360464,Rhea Mappings
GO:0008121,quinol-cytochrome-c reductase activity,2,3678,6,262673,23.8057821279681,0.0028321265750233574,0.008751526263360464,Rhea Mappings
GO:0004566,beta-glucuronidase activity,2,3678,6,262673,23.8057821279681,0.0028321265750233574,0.008751526263360464,Rhea Mappings
GO:0004031,aldehyde oxidase activity,4,3678,12,262673,23.8057821279681,1.736440999286303e-05,0.00015777463914045083,Rhea Mappings
GO:0008481,sphingosine kinase activity,2,3678,6,262673,23.8057821279681,0.0028321265750233574,0.008751526263360464,Rhea Mappings
GO:0051499,D-aminoacyl-tRNA deacylase activity,2,3678,6,262673,23.8057821279681,0.0028321265750233574,0.008751526263360464,Rhea Mappings
GO:0004351,glutamate decarboxylase activity,2,3678,6,262673,23.8057821279681,0.0028321265750233574,0.008751526263360464,Rhea Mappings
GO:0003973,(S)-2-hydroxy-acid oxidase activity,2,3678,6,262673,23.8057821279681,0.0028321265750233574,0.008751526263360464,Rhea Mappings
GO:0004366,glycerol-3-phosphate O-acyltransferase activity,4,3678,12,262673,23.8057821279681,1.736440999286303e-05,0.00015777463914045083,Rhea Mappings
GO:0004316,3-oxoacyl-[acyl-carrier-protein] reductase (NADPH) activity,2,3678,6,262673,23.8057821279681,0.0028321265750233574,0.008751526263360464,Rhea Mappings
GO:0003858,3-hydroxybutyrate dehydrogenase activity,2,3678,6,262673,23.8057821279681,0.0028321265750233574,0.008751526263360464,Rhea Mappings
GO:0008124,4-alpha-hydroxytetrahydrobiopterin dehydratase activity,2,3678,6,262673,23.8057821279681,0.0028321265750233574,0.008751526263360464,Rhea Mappings
GO:0004461,lactose synthase activity,2,3678,6,262673,23.8057821279681,0.0028321265750233574,0.008751526263360464,Rhea Mappings
GO:0097269,all-trans-decaprenyl-diphosphate synthase activity,2,3678,6,262673,23.8057821279681,0.0028321265750233574,0.008751526263360464,Rhea Mappings
GO:0003886,DNA (cytosine-5-)-methyltransferase activity,4,3678,12,262673,23.8057821279681,1.736440999286303e-05,0.00015777463914045083,Rhea Mappings
GO:0050262,ribosylnicotinamide kinase activity,2,3678,6,262673,23.8057821279681,0.0028321265750233574,0.008751526263360464,Rhea Mappings
GO:0008459,chondroitin 6-sulfotransferase activity,2,3678,6,262673,23.8057821279681,0.0028321265750233574,0.008751526263360464,Rhea Mappings
GO:0050197,phytanate-CoA ligase activity,2,3678,6,262673,23.8057821279681,0.0028321265750233574,0.008751526263360464,Rhea Mappings
GO:0050163,oxaloacetate tautomerase activity,2,3678,6,262673,23.8057821279681,0.0028321265750233574,0.008751526263360464,Rhea Mappings
GO:0004138,deoxyguanosine kinase activity,2,3678,6,262673,23.8057821279681,0.0028321265750233574,0.008751526263360464,Rhea Mappings
GO:0102033,long-chain fatty acid omega-hydroxylase activity,2,3678,6,262673,23.8057821279681,0.0028321265750233574,0.008751526263360464,Rhea Mappings
GO:0036055,protein-succinyllysine desuccinylase activity,2,3678,6,262673,23.8057821279681,0.0028321265750233574,0.008751526263360464,Rhea Mappings
GO:0003998,acylphosphatase activity,2,3678,6,262673,23.8057821279681,0.0028321265750233574,0.008751526263360464,Rhea Mappings
GO:0045547,"ditrans,polycis-polyprenyl diphosphate synthase [(2E,6E)-farnesyl diphosphate specific] activity",2,3678,6,262673,23.8057821279681,0.0028321265750233574,0.008751526263360464,Rhea Mappings
GO:0001729,ceramide kinase activity,2,3678,6,262673,23.8057821279681,0.0028321265750233574,0.008751526263360464,Rhea Mappings
GO:0036374,glutathione hydrolase activity,4,3678,12,262673,23.8057821279681,1.736440999286303e-05,0.00015777463914045083,Rhea Mappings
GO:0001730,2'-5'-oligoadenylate synthetase activity,4,3678,12,262673,23.8057821279681,1.736440999286303e-05,0.00015777463914045083,Rhea Mappings
GO:0016212,kynurenine-oxoglutarate transaminase activity,4,3678,12,262673,23.8057821279681,1.736440999286303e-05,0.00015777463914045083,Rhea Mappings
GO:0106423,tubulin-tyrosine carboxypeptidase,2,3678,6,262673,23.8057821279681,0.0028321265750233574,0.008751526263360464,Rhea Mappings
GO:0016316,"phosphatidylinositol-3,4-bisphosphate 4-phosphatase activity",2,3678,6,262673,23.8057821279681,0.0028321265750233574,0.008751526263360464,Rhea Mappings
GO:0016432,tRNA-uridine aminocarboxypropyltransferase activity,2,3678,6,262673,23.8057821279681,0.0028321265750233574,0.008751526263360464,Rhea Mappings
GO:0004660,protein farnesyltransferase activity,2,3678,6,262673,23.8057821279681,0.0028321265750233574,0.008751526263360464,Rhea Mappings
GO:0004666,prostaglandin-endoperoxide synthase activity,2,3678,6,262673,23.8057821279681,0.0028321265750233574,0.008751526263360464,Rhea Mappings
GO:0033897,ribonuclease T2 activity,2,3678,6,262673,23.8057821279681,0.0028321265750233574,0.008751526263360464,Rhea Mappings
GO:0004775,succinate-CoA ligase (ADP-forming) activity,2,3678,6,262673,23.8057821279681,0.0028321265750233574,0.008751526263360464,Rhea Mappings
GO:0033188,sphingomyelin synthase activity,2,3678,6,262673,23.8057821279681,0.0028321265750233574,0.008751526263360464,Rhea Mappings
GO:0018479,benzaldehyde dehydrogenase (NAD+) activity,2,3678,6,262673,23.8057821279681,0.0028321265750233574,0.008751526263360464,Rhea Mappings
GO:0008900,P-type potassium:proton transporter activity,2,3678,6,262673,23.8057821279681,0.0028321265750233574,0.008751526263360464,Rhea Mappings
GO:0140947,histone H3K9me2 methyltransferase activity,2,3678,6,262673,23.8057821279681,0.0028321265750233574,0.008751526263360464,Rhea Mappings
GO:0004796,thromboxane-A synthase activity,2,3678,6,262673,23.8057821279681,0.0028321265750233574,0.008751526263360464,Rhea Mappings
GO:0004658,propionyl-CoA carboxylase activity,2,3678,6,262673,23.8057821279681,0.0028321265750233574,0.008751526263360464,Rhea Mappings
GO:0140575,transmembrane monodehydroascorbate reductase activity,2,3678,6,262673,23.8057821279681,0.0028321265750233574,0.008751526263360464,Rhea Mappings
GO:0003835,"beta-galactoside alpha-2,6-sialyltransferase activity",2,3678,6,262673,23.8057821279681,0.0028321265750233574,0.008751526263360464,Rhea Mappings
GO:0008384,IkappaB kinase activity,3,3678,9,262673,23.805782127968097,0.00021631182907705452,0.001137087469324593,Rhea Mappings
GO:0160148,tRNA pseudouridine(55) synthase activity,3,3678,9,262673,23.805782127968097,0.00021631182907705452,0.001137087469324593,Rhea Mappings
GO:0008353,RNA polymerase II CTD heptapeptide repeat kinase activity,7,3678,21,262673,23.805782127968097,1.027344719896133e-08,2.237328501107134e-07,Rhea Mappings
GO:0004802,transketolase activity,3,3678,9,262673,23.805782127968097,0.00021631182907705452,0.001137087469324593,Rhea Mappings
GO:0004062,aryl sulfotransferase activity,3,3678,9,262673,23.805782127968097,0.00021631182907705452,0.001137087469324593,Rhea Mappings
GO:0050501,hyaluronan synthase activity,3,3678,9,262673,23.805782127968097,0.00021631182907705452,0.001137087469324593,Rhea Mappings
GO:0004029,aldehyde dehydrogenase (NAD+) activity,11,3678,33,262673,23.805782127968097,5.828611257051104e-13,2.8560195159550415e-11,Rhea Mappings
GO:0035243,protein-arginine omega-N symmetric methyltransferase activity,3,3678,9,262673,23.805782127968097,0.00021631182907705452,0.001137087469324593,Rhea Mappings
GO:0003841,1-acylglycerol-3-phosphate O-acyltransferase activity,12,3678,36,262673,23.805782127968097,5.1181715291443e-14,3.191877880902718e-12,Rhea Mappings
GO:0004748,"ribonucleoside-diphosphate reductase activity, thioredoxin disulfide as acceptor",3,3678,9,262673,23.805782127968097,0.00021631182907705452,0.001137087469324593,Rhea Mappings
GO:0004336,galactosylceramidase activity,3,3678,9,262673,23.805782127968097,0.00021631182907705452,0.001137087469324593,Rhea Mappings
GO:0004623,phospholipase A2 activity,27,3678,81,262673,23.805782127968097,8.971811723859825e-30,1.7584750978765258e-27,Rhea Mappings
GO:0004833,"tryptophan 2,3-dioxygenase activity",3,3678,9,262673,23.805782127968097,0.00021631182907705452,0.001137087469324593,Rhea Mappings
GO:0002953,5'-deoxynucleotidase activity,3,3678,9,262673,23.805782127968097,0.00021631182907705452,0.001137087469324593,Rhea Mappings
GO:0004065,arylsulfatase activity,3,3678,9,262673,23.805782127968097,0.00021631182907705452,0.001137087469324593,Rhea Mappings
GO:0008467,[heparan sulfate]-glucosamine 3-sulfotransferase activity,6,3678,18,262673,23.805782127968097,1.2060480039664137e-07,2.2667093992355062e-06,Rhea Mappings
GO:0000810,diacylglycerol diphosphate phosphatase activity,3,3678,9,262673,23.805782127968097,0.00021631182907705452,0.001137087469324593,Rhea Mappings
GO:0050220,prostaglandin-E synthase activity,3,3678,9,262673,23.805782127968097,0.00021631182907705452,0.001137087469324593,Rhea Mappings
GO:0102007,acyl-L-homoserine-lactone lactonohydrolase activity,3,3678,9,262673,23.805782127968097,0.00021631182907705452,0.001137087469324593,Rhea Mappings
GO:0004713,protein tyrosine kinase activity,118,3678,369,262673,22.838067407318988,1.1051251707268456e-122,5.0541057807907735e-120,Rhea Mappings
GO:0004303,estradiol 17-beta-dehydrogenase [NAD(P)+] activity,12,3678,38,262673,22.552846226496094,1.0788091262918815e-13,5.920504485089846e-12,Rhea Mappings
GO:0003847,1-alkyl-2-acetylglycerophosphocholine esterase activity,6,3678,19,262673,22.552846226496094,1.7416280205369828e-07,3.0247008154135953e-06,Rhea Mappings
GO:0017040,N-acylsphingosine amidohydrolase activity,6,3678,19,262673,22.552846226496094,1.7416280205369828e-07,3.0247008154135953e-06,Rhea Mappings
GO:0008474,palmitoyl-(protein) hydrolase activity,11,3678,35,262673,22.445451720655637,1.2246386776654283e-12,5.001740904615316e-11,Rhea Mappings
GO:0004720,protein-lysine 6-oxidase activity,5,3678,16,262673,22.317920744970092,2.0615723612292375e-06,2.594933284042673e-05,Rhea Mappings
GO:0003988,acetyl-CoA C-acyltransferase activity,5,3678,16,262673,22.317920744970092,2.0615723612292375e-06,2.594933284042673e-05,Rhea Mappings
GO:0004090,carbonyl reductase (NADPH) activity,5,3678,16,262673,22.317920744970092,2.0615723612292375e-06,2.594933284042673e-05,Rhea Mappings
GO:0004745,all-trans-retinol dehydrogenase (NAD+) activity,9,3678,29,262673,22.164004050177198,1.5939280838031226e-10,4.462998634648743e-09,Rhea Mappings
GO:0004725,protein tyrosine phosphatase activity,81,3678,261,262673,22.164004050177194,2.139903061084455e-83,7.33986749951968e-81,Rhea Mappings
GO:0004052,arachidonate 12(S)-lipoxygenase activity,4,3678,13,262673,21.9745681181244,2.4802325729339244e-05,0.0002167438910869646,Rhea Mappings
GO:0004111,creatine kinase activity,4,3678,13,262673,21.9745681181244,2.4802325729339244e-05,0.0002167438910869646,Rhea Mappings
GO:0004634,phosphopyruvate hydratase activity,4,3678,13,262673,21.9745681181244,2.4802325729339244e-05,0.0002167438910869646,Rhea Mappings
GO:0047961,glycine N-acyltransferase activity,4,3678,13,262673,21.9745681181244,2.4802325729339244e-05,0.0002167438910869646,Rhea Mappings
GO:0004365,glyceraldehyde-3-phosphate dehydrogenase (NAD+) (phosphorylating) activity,4,3678,13,262673,21.9745681181244,2.4802325729339244e-05,0.0002167438910869646,Rhea Mappings
GO:0004464,leukotriene-C4 synthase activity,4,3678,13,262673,21.9745681181244,2.4802325729339244e-05,0.0002167438910869646,Rhea Mappings
GO:0004622,phosphatidylcholine lysophospholipase activity,11,3678,36,262673,21.82196695063742,1.7409597411431748e-12,6.634991013467876e-11,Rhea Mappings
GO:0031956,medium-chain fatty acid-CoA ligase activity,7,3678,23,262673,21.735714116840438,2.1134823751695293e-08,4.3279071921382003e-07,Rhea Mappings
GO:0047066,phospholipid-hydroperoxide glutathione peroxidase activity,3,3678,10,262673,21.425203915171288,0.00030578809756434927,0.0015481227670047497,Rhea Mappings
GO:0004359,glutaminase activity,3,3678,10,262673,21.425203915171288,0.00030578809756434927,0.0015481227670047497,Rhea Mappings
GO:0004645,"1,4-alpha-oligoglucan phosphorylase activity",3,3678,10,262673,21.425203915171288,0.00030578809756434927,0.0015481227670047497,Rhea Mappings
GO:0004370,glycerol kinase activity,3,3678,10,262673,21.425203915171288,0.00030578809756434927,0.0015481227670047497,Rhea Mappings
GO:0008800,beta-lactamase activity,3,3678,10,262673,21.425203915171288,0.00030578809756434927,0.0015481227670047497,Rhea Mappings
GO:0047522,15-oxoprostaglandin 13-reductase [NAD(P)+] activity,3,3678,10,262673,21.425203915171288,0.00030578809756434927,0.0015481227670047497,Rhea Mappings
GO:0033743,peptide-methionine (R)-S-oxide reductase activity,3,3678,10,262673,21.425203915171288,0.00030578809756434927,0.0015481227670047497,Rhea Mappings
GO:0050567,glutaminyl-tRNA synthase (glutamine-hydrolyzing) activity,3,3678,10,262673,21.425203915171288,0.00030578809756434927,0.0015481227670047497,Rhea Mappings
GO:0047631,ADP-ribose diphosphatase activity,3,3678,10,262673,21.425203915171288,0.00030578809756434927,0.0015481227670047497,Rhea Mappings
GO:0004499,"N,N-dimethylaniline monooxygenase activity",6,3678,20,262673,21.425203915171288,2.458324862705585e-07,3.921885711200073e-06,Rhea Mappings
GO:0005391,P-type sodium:potassium-exchanging transporter activity,5,3678,17,262673,21.005101877618912,2.8866543513820008e-06,3.2731320414017396e-05,Rhea Mappings
GO:0004675,transmembrane receptor protein serine/threonine kinase activity,12,3678,42,262673,20.404956109686943,4.1839087066137296e-13,2.12604546128668e-11,Rhea Mappings
GO:0004322,ferroxidase activity,6,3678,21,262673,20.404956109686943,3.4005610190396185e-07,5.301783770593587e-06,Rhea Mappings
GO:0004144,diacylglycerol O-acyltransferase activity,4,3678,14,262673,20.40495610968694,3.433636539166393e-05,0.0002837921284178489,Rhea Mappings
GO:0004430,1-phosphatidylinositol 4-kinase activity,4,3678,14,262673,20.40495610968694,3.433636539166393e-05,0.0002837921284178489,Rhea Mappings
GO:0004791,thioredoxin-disulfide reductase (NADPH) activity,4,3678,14,262673,20.40495610968694,3.433636539166393e-05,0.0002837921284178489,Rhea Mappings
GO:0004467,long-chain fatty acid-CoA ligase activity,13,3678,47,262673,19.753734106186297,7.035918735535662e-14,4.197078480502143e-12,Rhea Mappings
GO:0003836,"beta-galactoside (CMP) alpha-2,3-sialyltransferase activity",3,3678,11,262673,19.47745810470117,0.0004160685701664045,0.001975245945565076,Rhea Mappings
GO:0003941,L-serine ammonia-lyase activity,3,3678,11,262673,19.47745810470117,0.0004160685701664045,0.001975245945565076,Rhea Mappings
GO:0035005,1-phosphatidylinositol-4-phosphate 3-kinase activity,3,3678,11,262673,19.47745810470117,0.0004160685701664045,0.001975245945565076,Rhea Mappings
GO:0004758,serine C-palmitoyltransferase activity,3,3678,11,262673,19.47745810470117,0.0004160685701664045,0.001975245945565076,Rhea Mappings
GO:0004053,arginase activity,3,3678,11,262673,19.47745810470117,0.0004160685701664045,0.001975245945565076,Rhea Mappings
GO:0004687,myosin light chain kinase activity,3,3678,11,262673,19.47745810470117,0.0004160685701664045,0.001975245945565076,Rhea Mappings
GO:0034979,NAD-dependent protein lysine deacetylase activity,6,3678,22,262673,19.47745810470117,4.619956529606032e-07,7.122000402943232e-06,Rhea Mappings
GO:0106256,hydroperoxy icosatetraenoate dehydratase activity,3,3678,11,262673,19.47745810470117,0.0004160685701664045,0.001975245945565076,Rhea Mappings
GO:0004069,L-aspartate:2-oxoglutarate aminotransferase activity,3,3678,11,262673,19.47745810470117,0.0004160685701664045,0.001975245945565076,Rhea Mappings
GO:0003831,"beta-N-acetylglucosaminylglycopeptide beta-1,4-galactosyltransferase activity",3,3678,11,262673,19.47745810470117,0.0004160685701664045,0.001975245945565076,Rhea Mappings
GO:0004771,sterol ester esterase activity,3,3678,11,262673,19.47745810470117,0.0004160685701664045,0.001975245945565076,Rhea Mappings
GO:0004630,phospholipase D activity,3,3678,11,262673,19.47745810470117,0.0004160685701664045,0.001975245945565076,Rhea Mappings
GO:0004619,phosphoglycerate mutase activity,3,3678,11,262673,19.47745810470117,0.0004160685701664045,0.001975245945565076,Rhea Mappings
GO:0004477,methenyltetrahydrofolate cyclohydrolase activity,3,3678,11,262673,19.47745810470117,0.0004160685701664045,0.001975245945565076,Rhea Mappings
GO:0071558,histone H3K27me2/H3K27me3 demethylase activity,3,3678,11,262673,19.47745810470117,0.0004160685701664045,0.001975245945565076,Rhea Mappings
GO:0010945,coenzyme A diphosphatase activity,3,3678,11,262673,19.47745810470117,0.0004160685701664045,0.001975245945565076,Rhea Mappings
GO:0003873,6-phosphofructo-2-kinase activity,3,3678,11,262673,19.47745810470117,0.0004160685701664045,0.001975245945565076,Rhea Mappings
GO:0008475,procollagen-lysine 5-dioxygenase activity,3,3678,11,262673,19.47745810470117,0.0004160685701664045,0.001975245945565076,Rhea Mappings
GO:0047184,1-acylglycerophosphocholine O-acyltransferase activity,7,3678,26,262673,19.227747103358848,5.4660172306944964e-08,1.041579950071229e-06,Rhea Mappings
GO:0004017,AMP kinase activity,7,3678,26,262673,19.227747103358848,5.4660172306944964e-08,1.041579950071229e-06,Rhea Mappings
GO:0004045,peptidyl-tRNA hydrolase activity,4,3678,15,262673,19.04462570237448,4.6300867472351364e-05,0.00038038796510219205,Rhea Mappings
GO:0004602,glutathione peroxidase activity,9,3678,34,262673,18.90459168985702,7.837531126749162e-10,1.920195126053545e-08,Rhea Mappings
GO:0004089,carbonate dehydratase activity,13,3678,50,262673,18.568510059815118,1.7068827439277033e-13,9.00708894103388e-12,Rhea Mappings
GO:0004345,glucose-6-phosphate dehydrogenase activity,3,3678,12,262673,17.854336595976076,0.0005489699569176647,0.002537289682093822,Rhea Mappings
GO:0004735,pyrroline-5-carboxylate reductase activity,3,3678,12,262673,17.854336595976076,0.0005489699569176647,0.002537289682093822,Rhea Mappings
GO:0004605,phosphatidate cytidylyltransferase activity,3,3678,12,262673,17.854336595976076,0.0005489699569176647,0.002537289682093822,Rhea Mappings
GO:0004129,cytochrome-c oxidase activity,3,3678,12,262673,17.854336595976076,0.0005489699569176647,0.002537289682093822,Rhea Mappings
GO:0004331,"fructose-2,6-bisphosphate 2-phosphatase activity",4,3678,16,262673,17.854336595976072,6.104729917413916e-05,0.00045768794790666074,Rhea Mappings
GO:0008137,NADH dehydrogenase (ubiquinone) activity,14,3678,56,262673,17.854336595976072,3.6404736937961486e-14,2.3784428132801506e-12,Rhea Mappings
GO:0015020,glucuronosyltransferase activity,12,3678,49,262673,17.489962379731665,3.1886778139525082e-12,1.1217605027545748e-10,Rhea Mappings
GO:0004016,adenylate cyclase activity,10,3678,41,262673,17.418864971683973,2.1608609305848034e-10,5.9294023935247e-09,Rhea Mappings
GO:0017111,ribonucleoside triphosphate phosphatase activity,6,3678,25,262673,17.140163132137033,1.057800994864752e-06,1.4659625908630704e-05,Rhea Mappings
GO:0004396,hexokinase activity,5,3678,21,262673,17.004130091405784,9.059812967332582e-06,9.345912324195717e-05,Rhea Mappings
GO:0004383,guanylate cyclase activity,9,3678,38,262673,16.914634669872072,2.3160061919465966e-09,5.478552578190915e-08,Rhea Mappings
GO:0004346,glucose-6-phosphatase activity,4,3678,17,262673,16.80408150209513,7.894288219953958e-05,0.0005886393172704799,Rhea Mappings
GO:0005388,P-type calcium transporter activity,8,3678,34,262673,16.80408150209513,1.925278334261726e-08,4.002245264556194e-07,Rhea Mappings
GO:0016712,"oxidoreductase activity, acting on paired donors, with incorporation or reduction of molecular oxygen, reduced flavin or flavoprotein as one donor, and incorporation of one atom of oxygen",31,3678,133,262673,16.646148405270925,1.4210399737040865e-28,2.166296493246674e-26,Rhea Mappings
GO:0003857,(3S)-3-hydroxyacyl-CoA dehydrogenase (NAD+) activity,3,3678,13,262673,16.4809260885933,0.0007062202462600304,0.0030184865354167035,Rhea Mappings
GO:0000309,nicotinamide-nucleotide adenylyltransferase activity,3,3678,13,262673,16.4809260885933,0.0007062202462600304,0.0030184865354167035,Rhea Mappings
GO:0004515,nicotinate-nucleotide adenylyltransferase activity,3,3678,13,262673,16.4809260885933,0.0007062202462600304,0.0030184865354167035,Rhea Mappings
GO:0003987,acetate-CoA ligase activity,3,3678,13,262673,16.4809260885933,0.0007062202462600304,0.0030184865354167035,Rhea Mappings
GO:0008253,5'-nucleotidase activity,6,3678,26,262673,16.4809260885933,1.3587432416694437e-06,1.758675214689129e-05,Rhea Mappings
GO:0035516,broad specificity oxidative DNA demethylase activity,3,3678,13,262673,16.4809260885933,0.0007062202462600304,0.0030184865354167035,Rhea Mappings
GO:0004656,procollagen-proline 4-dioxygenase activity,3,3678,13,262673,16.4809260885933,0.0007062202462600304,0.0030184865354167035,Rhea Mappings
GO:0004143,ATP-dependent diacylglycerol kinase activity,11,3678,48,262673,16.36647521297807,5.612166434173016e-11,1.6382749675926337e-09,Rhea Mappings
GO:0004435,"phosphatidylinositol-4,5-bisphosphate phospholipase C activity",13,3678,57,262673,16.288166719136065,1.075148291456994e-12,4.6096982996218626e-11,Rhea Mappings
GO:0004767,sphingomyelin phosphodiesterase activity,5,3678,22,262673,16.231215087250977,1.1588582765821802e-05,0.00011077090155388321,Rhea Mappings
GO:1990817,poly(A) RNA polymerase activity,10,3678,44,262673,16.231215087250977,4.6032592028187635e-10,1.2145522358206428e-08,Rhea Mappings
GO:0004402,histone acetyltransferase activity,7,3678,31,262673,16.126497570559035,2.0552073366661124e-07,3.3173464304775365e-06,Rhea Mappings
GO:0004668,protein-arginine deiminase activity,4,3678,18,262673,15.870521418645398,0.00010036927152616662,0.0006954880835045484,Rhea Mappings
GO:0015016,heparan sulfate N-sulfotransferase activity,4,3678,18,262673,15.870521418645398,0.00010036927152616662,0.0006954880835045484,Rhea Mappings
GO:0033829,O-fucosylpeptide 3-beta-N-acetylglucosaminyltransferase activity,3,3678,14,262673,15.303717082265205,0.0008894613046756109,0.003675725632575115,Rhea Mappings
GO:0004826,phenylalanine-tRNA ligase activity,3,3678,14,262673,15.303717082265205,0.0008894613046756109,0.003675725632575115,Rhea Mappings
GO:0003810,protein-glutamine gamma-glutamyltransferase activity,6,3678,28,262673,15.303717082265205,2.1707083721264545e-06,2.707465351415905e-05,Rhea Mappings
GO:0016972,thiol oxidase activity,3,3678,14,262673,15.303717082265205,0.0008894613046756109,0.003675725632575115,Rhea Mappings
GO:0004095,carnitine O-palmitoyltransferase activity,3,3678,14,262673,15.303717082265205,0.0008894613046756109,0.003675725632575115,Rhea Mappings
GO:0004739,pyruvate dehydrogenase (acetyl-transferring) activity,3,3678,14,262673,15.303717082265205,0.0008894613046756109,0.003675725632575115,Rhea Mappings
GO:0016308,1-phosphatidylinositol-4-phosphate 5-kinase activity,3,3678,14,262673,15.303717082265205,0.0008894613046756109,0.003675725632575115,Rhea Mappings
GO:0016174,NAD(P)H oxidase H2O2-forming activity,3,3678,14,262673,15.303717082265205,0.0008894613046756109,0.003675725632575115,Rhea Mappings
GO:0004829,threonine-tRNA ligase activity,3,3678,14,262673,15.303717082265205,0.0008894613046756109,0.003675725632575115,Rhea Mappings
GO:0015018,galactosylgalactosylxylosylprotein 3-beta-glucuronosyltransferase activity,3,3678,14,262673,15.303717082265205,0.0008894613046756109,0.003675725632575115,Rhea Mappings
GO:0003876,AMP deaminase activity,3,3678,14,262673,15.303717082265205,0.0008894613046756109,0.003675725632575115,Rhea Mappings
GO:0004064,arylesterase activity,3,3678,14,262673,15.303717082265205,0.0008894613046756109,0.003675725632575115,Rhea Mappings
GO:0009922,fatty acid elongase activity,7,3678,33,262673,15.149134081434244,3.25814950386212e-07,5.13813921758486e-06,Rhea Mappings
GO:0047429,nucleoside triphosphate diphosphatase activity,3,3678,15,262673,14.28346927678086,0.0011002514139537886,0.004291589175661256,Rhea Mappings
GO:0004517,nitric-oxide synthase activity,3,3678,15,262673,14.28346927678086,0.0011002514139537886,0.004291589175661256,Rhea Mappings
GO:0003872,6-phosphofructokinase activity,3,3678,15,262673,14.28346927678086,0.0011002514139537886,0.004291589175661256,Rhea Mappings
GO:0003755,peptidyl-prolyl cis-trans isomerase activity,28,3678,142,262673,14.082293653164228,8.35788764972506e-24,8.82078604263291e-22,Rhea Mappings
GO:0017110,nucleoside diphosphate phosphatase activity,4,3678,21,262673,13.603304073124628,0.00018984001032126369,0.0010887628601827085,Rhea Mappings
GO:0004703,G protein-coupled receptor kinase activity,3,3678,16,262673,13.390752446982056,0.0013400677482020684,0.0049424004046592415,Rhea Mappings
GO:0004784,superoxide dismutase activity,3,3678,16,262673,13.390752446982056,0.0013400677482020684,0.0049424004046592415,Rhea Mappings
GO:0004022,alcohol dehydrogenase (NAD+) activity,3,3678,16,262673,13.390752446982056,0.0013400677482020684,0.0049424004046592415,Rhea Mappings
GO:0016303,1-phosphatidylinositol-3-kinase activity,6,3678,33,262673,12.984972069800781,6.010560501196904e-06,6.442569537220431e-05,Rhea Mappings
GO:0004114,"3',5'-cyclic-nucleotide phosphodiesterase activity",7,3678,39,262673,12.8184980689059,1.0900300796677365e-06,1.4955212693041344e-05,Rhea Mappings
GO:0061809,"NAD+ nucleosidase activity, cyclic ADP-ribose generating",3,3678,17,262673,12.603061126571347,0.0016103087909171312,0.005923173354258187,Rhea Mappings
GO:0004571,"mannosyl-oligosaccharide 1,2-alpha-mannosidase activity",4,3678,23,262673,12.420408066765964,0.000274675724754423,0.0014383782227598027,Rhea Mappings
GO:0004459,L-lactate dehydrogenase (NAD+) activity,3,3678,18,262673,11.902891063984049,0.0019122966948210798,0.006510350037951667,Rhea Mappings
GO:0050291,sphingosine N-acyltransferase activity,4,3678,25,262673,11.426775421424688,0.0003837425660873693,0.0019356426495289365,Rhea Mappings
GO:0004332,fructose-bisphosphate aldolase activity,3,3678,20,262673,10.712601957585644,0.00261643380113587,0.008751526263360464,Rhea Mappings
GO:0003924,GTPase activity,47,3678,406,262673,8.267525320304191,4.032723052014224e-28,5.532896027363516e-26,Rhea Mappings
