evidence_type,unique_ref_id,unique_ref_title,comparator_ref_id,comparator_ref_title,association_count,unique_ref,comparator_ref
IEA,GO_REF:0000002,Gene Ontology annotation through association of InterPro records with GO terms.,GO_REF:0000003,Gene Ontology annotation based on Enzyme Commission mapping,36089,"GO_REF:0000002
Gene Ontology annotation through association of InterPro records with GO terms.","GO_REF:0000003
Gene Ontology annotation based on Enzyme Commission mapping"
IEA,GO_REF:0000002,Gene Ontology annotation through association of InterPro records with GO terms.,GO_REF:0000033,Annotation inferences using phylogenetic trees,15612,"GO_REF:0000002
Gene Ontology annotation through association of InterPro records with GO terms.","GO_REF:0000033
Annotation inferences using phylogenetic trees"
IEA,GO_REF:0000002,Gene Ontology annotation through association of InterPro records with GO terms.,GO_REF:0000041,Gene Ontology annotation based on UniPathway vocabulary mapping.,39792,"GO_REF:0000002
Gene Ontology annotation through association of InterPro records with GO terms.","GO_REF:0000041
Gene Ontology annotation based on UniPathway vocabulary mapping."
IEA,GO_REF:0000002,Gene Ontology annotation through association of InterPro records with GO terms.,GO_REF:0000043,Gene Ontology annotation based on UniProtKB/Swiss-Prot keyword mapping,26529,"GO_REF:0000002
Gene Ontology annotation through association of InterPro records with GO terms.","GO_REF:0000043
Gene Ontology annotation based on UniProtKB/Swiss-Prot keyword mapping"
IEA,GO_REF:0000002,Gene Ontology annotation through association of InterPro records with GO terms.,GO_REF:0000044,"Gene Ontology annotation based on UniProtKB/Swiss-Prot Subcellular Location vocabulary mapping, accompanied by conservative changes to GO terms applied by UniProt.",34736,"GO_REF:0000002
Gene Ontology annotation through association of InterPro records with GO terms.","GO_REF:0000044
Gene Ontology annotation based on UniProtKB/Swiss-Prot Subcellular Location vocabulary mapping, accompanied by conservative changes to GO terms applied by UniProt."
IEA,GO_REF:0000002,Gene Ontology annotation through association of InterPro records with GO terms.,GO_REF:0000104,Electronic Gene Ontology annotations created by transferring manual GO annotations between related proteins based on shared sequence features.,39350,"GO_REF:0000002
Gene Ontology annotation through association of InterPro records with GO terms.","GO_REF:0000104
Electronic Gene Ontology annotations created by transferring manual GO annotations between related proteins based on shared sequence features."
IEA,GO_REF:0000002,Gene Ontology annotation through association of InterPro records with GO terms.,GO_REF:0000107,Automatic transfer of experimentally verified manual GO annotation data to orthologs using Ensembl Compara.,27779,"GO_REF:0000002
Gene Ontology annotation through association of InterPro records with GO terms.","GO_REF:0000107
Automatic transfer of experimentally verified manual GO annotation data to orthologs using Ensembl Compara."
IEA,GO_REF:0000002,Gene Ontology annotation through association of InterPro records with GO terms.,GO_REF:0000108,"Automatic assignment of GO terms using logical inference, based on on inter-ontology links.",39696,"GO_REF:0000002
Gene Ontology annotation through association of InterPro records with GO terms.","GO_REF:0000108
Automatic assignment of GO terms using logical inference, based on on inter-ontology links."
IEA,GO_REF:0000002,Gene Ontology annotation through association of InterPro records with GO terms.,GO_REF:0000115,Automatic Gene Ontology annotation of non-coding RNA sequences through association of Rfam records with GO terms,40114,"GO_REF:0000002
Gene Ontology annotation through association of InterPro records with GO terms.","GO_REF:0000115
Automatic Gene Ontology annotation of non-coding RNA sequences through association of Rfam records with GO terms"
IEA,GO_REF:0000002,Gene Ontology annotation through association of InterPro records with GO terms.,GO_REF:0000116,Automatic Gene Ontology annotation based on Rhea mapping.,37062,"GO_REF:0000002
Gene Ontology annotation through association of InterPro records with GO terms.","GO_REF:0000116
Automatic Gene Ontology annotation based on Rhea mapping."
IEA,GO_REF:0000002,Gene Ontology annotation through association of InterPro records with GO terms.,GO_REF:0000117,Electronic Gene Ontology annotations created by ARBA machine learning models,32490,"GO_REF:0000002
Gene Ontology annotation through association of InterPro records with GO terms.","GO_REF:0000117
Electronic Gene Ontology annotations created by ARBA machine learning models"
IEA,GO_REF:0000002,Gene Ontology annotation through association of InterPro records with GO terms.,GO_REF:0000119,Automated transfer of experimentally-verified manual GO annotation data to mouse-human orthologs.,24854,"GO_REF:0000002
Gene Ontology annotation through association of InterPro records with GO terms.","GO_REF:0000119
Automated transfer of experimentally-verified manual GO annotation data to mouse-human orthologs."
IEA,GO_REF:0000003,Gene Ontology annotation based on Enzyme Commission mapping,GO_REF:0000002,Gene Ontology annotation through association of InterPro records with GO terms.,2511,"GO_REF:0000003
Gene Ontology annotation based on Enzyme Commission mapping","GO_REF:0000002
Gene Ontology annotation through association of InterPro records with GO terms."
IEA,GO_REF:0000003,Gene Ontology annotation based on Enzyme Commission mapping,GO_REF:0000033,Annotation inferences using phylogenetic trees,1476,"GO_REF:0000003
Gene Ontology annotation based on Enzyme Commission mapping","GO_REF:0000033
Annotation inferences using phylogenetic trees"
IEA,GO_REF:0000003,Gene Ontology annotation based on Enzyme Commission mapping,GO_REF:0000041,Gene Ontology annotation based on UniPathway vocabulary mapping.,4051,"GO_REF:0000003
Gene Ontology annotation based on Enzyme Commission mapping","GO_REF:0000041
Gene Ontology annotation based on UniPathway vocabulary mapping."
IEA,GO_REF:0000003,Gene Ontology annotation based on Enzyme Commission mapping,GO_REF:0000043,Gene Ontology annotation based on UniProtKB/Swiss-Prot keyword mapping,3735,"GO_REF:0000003
Gene Ontology annotation based on Enzyme Commission mapping","GO_REF:0000043
Gene Ontology annotation based on UniProtKB/Swiss-Prot keyword mapping"
IEA,GO_REF:0000003,Gene Ontology annotation based on Enzyme Commission mapping,GO_REF:0000044,"Gene Ontology annotation based on UniProtKB/Swiss-Prot Subcellular Location vocabulary mapping, accompanied by conservative changes to GO terms applied by UniProt.",4051,"GO_REF:0000003
Gene Ontology annotation based on Enzyme Commission mapping","GO_REF:0000044
Gene Ontology annotation based on UniProtKB/Swiss-Prot Subcellular Location vocabulary mapping, accompanied by conservative changes to GO terms applied by UniProt."
IEA,GO_REF:0000003,Gene Ontology annotation based on Enzyme Commission mapping,GO_REF:0000104,Electronic Gene Ontology annotations created by transferring manual GO annotations between related proteins based on shared sequence features.,3974,"GO_REF:0000003
Gene Ontology annotation based on Enzyme Commission mapping","GO_REF:0000104
Electronic Gene Ontology annotations created by transferring manual GO annotations between related proteins based on shared sequence features."
IEA,GO_REF:0000003,Gene Ontology annotation based on Enzyme Commission mapping,GO_REF:0000107,Automatic transfer of experimentally verified manual GO annotation data to orthologs using Ensembl Compara.,2110,"GO_REF:0000003
Gene Ontology annotation based on Enzyme Commission mapping","GO_REF:0000107
Automatic transfer of experimentally verified manual GO annotation data to orthologs using Ensembl Compara."
IEA,GO_REF:0000003,Gene Ontology annotation based on Enzyme Commission mapping,GO_REF:0000108,"Automatic assignment of GO terms using logical inference, based on on inter-ontology links.",4051,"GO_REF:0000003
Gene Ontology annotation based on Enzyme Commission mapping","GO_REF:0000108
Automatic assignment of GO terms using logical inference, based on on inter-ontology links."
IEA,GO_REF:0000003,Gene Ontology annotation based on Enzyme Commission mapping,GO_REF:0000115,Automatic Gene Ontology annotation of non-coding RNA sequences through association of Rfam records with GO terms,4051,"GO_REF:0000003
Gene Ontology annotation based on Enzyme Commission mapping","GO_REF:0000115
Automatic Gene Ontology annotation of non-coding RNA sequences through association of Rfam records with GO terms"
IEA,GO_REF:0000003,Gene Ontology annotation based on Enzyme Commission mapping,GO_REF:0000116,Automatic Gene Ontology annotation based on Rhea mapping.,1692,"GO_REF:0000003
Gene Ontology annotation based on Enzyme Commission mapping","GO_REF:0000116
Automatic Gene Ontology annotation based on Rhea mapping."
IEA,GO_REF:0000003,Gene Ontology annotation based on Enzyme Commission mapping,GO_REF:0000117,Electronic Gene Ontology annotations created by ARBA machine learning models,3013,"GO_REF:0000003
Gene Ontology annotation based on Enzyme Commission mapping","GO_REF:0000117
Electronic Gene Ontology annotations created by ARBA machine learning models"
IEA,GO_REF:0000003,Gene Ontology annotation based on Enzyme Commission mapping,GO_REF:0000119,Automated transfer of experimentally-verified manual GO annotation data to mouse-human orthologs.,1636,"GO_REF:0000003
Gene Ontology annotation based on Enzyme Commission mapping","GO_REF:0000119
Automated transfer of experimentally-verified manual GO annotation data to mouse-human orthologs."
IEA,GO_REF:0000041,Gene Ontology annotation based on UniPathway vocabulary mapping.,GO_REF:0000002,Gene Ontology annotation through association of InterPro records with GO terms.,843,"GO_REF:0000041
Gene Ontology annotation based on UniPathway vocabulary mapping.","GO_REF:0000002
Gene Ontology annotation through association of InterPro records with GO terms."
IEA,GO_REF:0000041,Gene Ontology annotation based on UniPathway vocabulary mapping.,GO_REF:0000003,Gene Ontology annotation based on Enzyme Commission mapping,1085,"GO_REF:0000041
Gene Ontology annotation based on UniPathway vocabulary mapping.","GO_REF:0000003
Gene Ontology annotation based on Enzyme Commission mapping"
IEA,GO_REF:0000041,Gene Ontology annotation based on UniPathway vocabulary mapping.,GO_REF:0000033,Annotation inferences using phylogenetic trees,572,"GO_REF:0000041
Gene Ontology annotation based on UniPathway vocabulary mapping.","GO_REF:0000033
Annotation inferences using phylogenetic trees"
IEA,GO_REF:0000041,Gene Ontology annotation based on UniPathway vocabulary mapping.,GO_REF:0000043,Gene Ontology annotation based on UniProtKB/Swiss-Prot keyword mapping,890,"GO_REF:0000041
Gene Ontology annotation based on UniPathway vocabulary mapping.","GO_REF:0000043
Gene Ontology annotation based on UniProtKB/Swiss-Prot keyword mapping"
IEA,GO_REF:0000041,Gene Ontology annotation based on UniPathway vocabulary mapping.,GO_REF:0000044,"Gene Ontology annotation based on UniProtKB/Swiss-Prot Subcellular Location vocabulary mapping, accompanied by conservative changes to GO terms applied by UniProt.",1110,"GO_REF:0000041
Gene Ontology annotation based on UniPathway vocabulary mapping.","GO_REF:0000044
Gene Ontology annotation based on UniProtKB/Swiss-Prot Subcellular Location vocabulary mapping, accompanied by conservative changes to GO terms applied by UniProt."
IEA,GO_REF:0000041,Gene Ontology annotation based on UniPathway vocabulary mapping.,GO_REF:0000104,Electronic Gene Ontology annotations created by transferring manual GO annotations between related proteins based on shared sequence features.,1073,"GO_REF:0000041
Gene Ontology annotation based on UniPathway vocabulary mapping.","GO_REF:0000104
Electronic Gene Ontology annotations created by transferring manual GO annotations between related proteins based on shared sequence features."
IEA,GO_REF:0000041,Gene Ontology annotation based on UniPathway vocabulary mapping.,GO_REF:0000107,Automatic transfer of experimentally verified manual GO annotation data to orthologs using Ensembl Compara.,619,"GO_REF:0000041
Gene Ontology annotation based on UniPathway vocabulary mapping.","GO_REF:0000107
Automatic transfer of experimentally verified manual GO annotation data to orthologs using Ensembl Compara."
IEA,GO_REF:0000041,Gene Ontology annotation based on UniPathway vocabulary mapping.,GO_REF:0000108,"Automatic assignment of GO terms using logical inference, based on on inter-ontology links.",1105,"GO_REF:0000041
Gene Ontology annotation based on UniPathway vocabulary mapping.","GO_REF:0000108
Automatic assignment of GO terms using logical inference, based on on inter-ontology links."
IEA,GO_REF:0000041,Gene Ontology annotation based on UniPathway vocabulary mapping.,GO_REF:0000115,Automatic Gene Ontology annotation of non-coding RNA sequences through association of Rfam records with GO terms,1110,"GO_REF:0000041
Gene Ontology annotation based on UniPathway vocabulary mapping.","GO_REF:0000115
Automatic Gene Ontology annotation of non-coding RNA sequences through association of Rfam records with GO terms"
IEA,GO_REF:0000041,Gene Ontology annotation based on UniPathway vocabulary mapping.,GO_REF:0000116,Automatic Gene Ontology annotation based on Rhea mapping.,1092,"GO_REF:0000041
Gene Ontology annotation based on UniPathway vocabulary mapping.","GO_REF:0000116
Automatic Gene Ontology annotation based on Rhea mapping."
IEA,GO_REF:0000041,Gene Ontology annotation based on UniPathway vocabulary mapping.,GO_REF:0000117,Electronic Gene Ontology annotations created by ARBA machine learning models,892,"GO_REF:0000041
Gene Ontology annotation based on UniPathway vocabulary mapping.","GO_REF:0000117
Electronic Gene Ontology annotations created by ARBA machine learning models"
IEA,GO_REF:0000041,Gene Ontology annotation based on UniPathway vocabulary mapping.,GO_REF:0000119,Automated transfer of experimentally-verified manual GO annotation data to mouse-human orthologs.,561,"GO_REF:0000041
Gene Ontology annotation based on UniPathway vocabulary mapping.","GO_REF:0000119
Automated transfer of experimentally-verified manual GO annotation data to mouse-human orthologs."
IEA,GO_REF:0000043,Gene Ontology annotation based on UniProtKB/Swiss-Prot keyword mapping,GO_REF:0000002,Gene Ontology annotation through association of InterPro records with GO terms.,24733,"GO_REF:0000043
Gene Ontology annotation based on UniProtKB/Swiss-Prot keyword mapping","GO_REF:0000002
Gene Ontology annotation through association of InterPro records with GO terms."
IEA,GO_REF:0000043,Gene Ontology annotation based on UniProtKB/Swiss-Prot keyword mapping,GO_REF:0000003,Gene Ontology annotation based on Enzyme Commission mapping,43547,"GO_REF:0000043
Gene Ontology annotation based on UniProtKB/Swiss-Prot keyword mapping","GO_REF:0000003
Gene Ontology annotation based on Enzyme Commission mapping"
IEA,GO_REF:0000043,Gene Ontology annotation based on UniProtKB/Swiss-Prot keyword mapping,GO_REF:0000033,Annotation inferences using phylogenetic trees,27217,"GO_REF:0000043
Gene Ontology annotation based on UniProtKB/Swiss-Prot keyword mapping","GO_REF:0000033
Annotation inferences using phylogenetic trees"
IEA,GO_REF:0000043,Gene Ontology annotation based on UniProtKB/Swiss-Prot keyword mapping,GO_REF:0000041,Gene Ontology annotation based on UniPathway vocabulary mapping.,49323,"GO_REF:0000043
Gene Ontology annotation based on UniProtKB/Swiss-Prot keyword mapping","GO_REF:0000041
Gene Ontology annotation based on UniPathway vocabulary mapping."
IEA,GO_REF:0000043,Gene Ontology annotation based on UniProtKB/Swiss-Prot keyword mapping,GO_REF:0000044,"Gene Ontology annotation based on UniProtKB/Swiss-Prot Subcellular Location vocabulary mapping, accompanied by conservative changes to GO terms applied by UniProt.",49242,"GO_REF:0000043
Gene Ontology annotation based on UniProtKB/Swiss-Prot keyword mapping","GO_REF:0000044
Gene Ontology annotation based on UniProtKB/Swiss-Prot Subcellular Location vocabulary mapping, accompanied by conservative changes to GO terms applied by UniProt."
IEA,GO_REF:0000043,Gene Ontology annotation based on UniProtKB/Swiss-Prot keyword mapping,GO_REF:0000104,Electronic Gene Ontology annotations created by transferring manual GO annotations between related proteins based on shared sequence features.,49245,"GO_REF:0000043
Gene Ontology annotation based on UniProtKB/Swiss-Prot keyword mapping","GO_REF:0000104
Electronic Gene Ontology annotations created by transferring manual GO annotations between related proteins based on shared sequence features."
IEA,GO_REF:0000043,Gene Ontology annotation based on UniProtKB/Swiss-Prot keyword mapping,GO_REF:0000107,Automatic transfer of experimentally verified manual GO annotation data to orthologs using Ensembl Compara.,36618,"GO_REF:0000043
Gene Ontology annotation based on UniProtKB/Swiss-Prot keyword mapping","GO_REF:0000107
Automatic transfer of experimentally verified manual GO annotation data to orthologs using Ensembl Compara."
IEA,GO_REF:0000043,Gene Ontology annotation based on UniProtKB/Swiss-Prot keyword mapping,GO_REF:0000108,"Automatic assignment of GO terms using logical inference, based on on inter-ontology links.",48480,"GO_REF:0000043
Gene Ontology annotation based on UniProtKB/Swiss-Prot keyword mapping","GO_REF:0000108
Automatic assignment of GO terms using logical inference, based on on inter-ontology links."
IEA,GO_REF:0000043,Gene Ontology annotation based on UniProtKB/Swiss-Prot keyword mapping,GO_REF:0000115,Automatic Gene Ontology annotation of non-coding RNA sequences through association of Rfam records with GO terms,50003,"GO_REF:0000043
Gene Ontology annotation based on UniProtKB/Swiss-Prot keyword mapping","GO_REF:0000115
Automatic Gene Ontology annotation of non-coding RNA sequences through association of Rfam records with GO terms"
IEA,GO_REF:0000043,Gene Ontology annotation based on UniProtKB/Swiss-Prot keyword mapping,GO_REF:0000116,Automatic Gene Ontology annotation based on Rhea mapping.,45274,"GO_REF:0000043
Gene Ontology annotation based on UniProtKB/Swiss-Prot keyword mapping","GO_REF:0000116
Automatic Gene Ontology annotation based on Rhea mapping."
IEA,GO_REF:0000043,Gene Ontology annotation based on UniProtKB/Swiss-Prot keyword mapping,GO_REF:0000117,Electronic Gene Ontology annotations created by ARBA machine learning models,42074,"GO_REF:0000043
Gene Ontology annotation based on UniProtKB/Swiss-Prot keyword mapping","GO_REF:0000117
Electronic Gene Ontology annotations created by ARBA machine learning models"
IEA,GO_REF:0000043,Gene Ontology annotation based on UniProtKB/Swiss-Prot keyword mapping,GO_REF:0000119,Automated transfer of experimentally-verified manual GO annotation data to mouse-human orthologs.,33269,"GO_REF:0000043
Gene Ontology annotation based on UniProtKB/Swiss-Prot keyword mapping","GO_REF:0000119
Automated transfer of experimentally-verified manual GO annotation data to mouse-human orthologs."
IEA,GO_REF:0000044,"Gene Ontology annotation based on UniProtKB/Swiss-Prot Subcellular Location vocabulary mapping, accompanied by conservative changes to GO terms applied by UniProt.",GO_REF:0000002,Gene Ontology annotation through association of InterPro records with GO terms.,28308,"GO_REF:0000044
Gene Ontology annotation based on UniProtKB/Swiss-Prot Subcellular Location vocabulary mapping, accompanied by conservative changes to GO terms applied by UniProt.","GO_REF:0000002
Gene Ontology annotation through association of InterPro records with GO terms."
IEA,GO_REF:0000044,"Gene Ontology annotation based on UniProtKB/Swiss-Prot Subcellular Location vocabulary mapping, accompanied by conservative changes to GO terms applied by UniProt.",GO_REF:0000003,Gene Ontology annotation based on Enzyme Commission mapping,31387,"GO_REF:0000044
Gene Ontology annotation based on UniProtKB/Swiss-Prot Subcellular Location vocabulary mapping, accompanied by conservative changes to GO terms applied by UniProt.","GO_REF:0000003
Gene Ontology annotation based on Enzyme Commission mapping"
IEA,GO_REF:0000044,"Gene Ontology annotation based on UniProtKB/Swiss-Prot Subcellular Location vocabulary mapping, accompanied by conservative changes to GO terms applied by UniProt.",GO_REF:0000033,Annotation inferences using phylogenetic trees,17539,"GO_REF:0000044
Gene Ontology annotation based on UniProtKB/Swiss-Prot Subcellular Location vocabulary mapping, accompanied by conservative changes to GO terms applied by UniProt.","GO_REF:0000033
Annotation inferences using phylogenetic trees"
IEA,GO_REF:0000044,"Gene Ontology annotation based on UniProtKB/Swiss-Prot Subcellular Location vocabulary mapping, accompanied by conservative changes to GO terms applied by UniProt.",GO_REF:0000041,Gene Ontology annotation based on UniPathway vocabulary mapping.,31387,"GO_REF:0000044
Gene Ontology annotation based on UniProtKB/Swiss-Prot Subcellular Location vocabulary mapping, accompanied by conservative changes to GO terms applied by UniProt.","GO_REF:0000041
Gene Ontology annotation based on UniPathway vocabulary mapping."
IEA,GO_REF:0000044,"Gene Ontology annotation based on UniProtKB/Swiss-Prot Subcellular Location vocabulary mapping, accompanied by conservative changes to GO terms applied by UniProt.",GO_REF:0000043,Gene Ontology annotation based on UniProtKB/Swiss-Prot keyword mapping,30296,"GO_REF:0000044
Gene Ontology annotation based on UniProtKB/Swiss-Prot Subcellular Location vocabulary mapping, accompanied by conservative changes to GO terms applied by UniProt.","GO_REF:0000043
Gene Ontology annotation based on UniProtKB/Swiss-Prot keyword mapping"
IEA,GO_REF:0000044,"Gene Ontology annotation based on UniProtKB/Swiss-Prot Subcellular Location vocabulary mapping, accompanied by conservative changes to GO terms applied by UniProt.",GO_REF:0000104,Electronic Gene Ontology annotations created by transferring manual GO annotations between related proteins based on shared sequence features.,31097,"GO_REF:0000044
Gene Ontology annotation based on UniProtKB/Swiss-Prot Subcellular Location vocabulary mapping, accompanied by conservative changes to GO terms applied by UniProt.","GO_REF:0000104
Electronic Gene Ontology annotations created by transferring manual GO annotations between related proteins based on shared sequence features."
IEA,GO_REF:0000044,"Gene Ontology annotation based on UniProtKB/Swiss-Prot Subcellular Location vocabulary mapping, accompanied by conservative changes to GO terms applied by UniProt.",GO_REF:0000107,Automatic transfer of experimentally verified manual GO annotation data to orthologs using Ensembl Compara.,19603,"GO_REF:0000044
Gene Ontology annotation based on UniProtKB/Swiss-Prot Subcellular Location vocabulary mapping, accompanied by conservative changes to GO terms applied by UniProt.","GO_REF:0000107
Automatic transfer of experimentally verified manual GO annotation data to orthologs using Ensembl Compara."
IEA,GO_REF:0000044,"Gene Ontology annotation based on UniProtKB/Swiss-Prot Subcellular Location vocabulary mapping, accompanied by conservative changes to GO terms applied by UniProt.",GO_REF:0000108,"Automatic assignment of GO terms using logical inference, based on on inter-ontology links.",31294,"GO_REF:0000044
Gene Ontology annotation based on UniProtKB/Swiss-Prot Subcellular Location vocabulary mapping, accompanied by conservative changes to GO terms applied by UniProt.","GO_REF:0000108
Automatic assignment of GO terms using logical inference, based on on inter-ontology links."
IEA,GO_REF:0000044,"Gene Ontology annotation based on UniProtKB/Swiss-Prot Subcellular Location vocabulary mapping, accompanied by conservative changes to GO terms applied by UniProt.",GO_REF:0000115,Automatic Gene Ontology annotation of non-coding RNA sequences through association of Rfam records with GO terms,31387,"GO_REF:0000044
Gene Ontology annotation based on UniProtKB/Swiss-Prot Subcellular Location vocabulary mapping, accompanied by conservative changes to GO terms applied by UniProt.","GO_REF:0000115
Automatic Gene Ontology annotation of non-coding RNA sequences through association of Rfam records with GO terms"
IEA,GO_REF:0000044,"Gene Ontology annotation based on UniProtKB/Swiss-Prot Subcellular Location vocabulary mapping, accompanied by conservative changes to GO terms applied by UniProt.",GO_REF:0000116,Automatic Gene Ontology annotation based on Rhea mapping.,31387,"GO_REF:0000044
Gene Ontology annotation based on UniProtKB/Swiss-Prot Subcellular Location vocabulary mapping, accompanied by conservative changes to GO terms applied by UniProt.","GO_REF:0000116
Automatic Gene Ontology annotation based on Rhea mapping."
IEA,GO_REF:0000044,"Gene Ontology annotation based on UniProtKB/Swiss-Prot Subcellular Location vocabulary mapping, accompanied by conservative changes to GO terms applied by UniProt.",GO_REF:0000117,Electronic Gene Ontology annotations created by ARBA machine learning models,26836,"GO_REF:0000044
Gene Ontology annotation based on UniProtKB/Swiss-Prot Subcellular Location vocabulary mapping, accompanied by conservative changes to GO terms applied by UniProt.","GO_REF:0000117
Electronic Gene Ontology annotations created by ARBA machine learning models"
IEA,GO_REF:0000044,"Gene Ontology annotation based on UniProtKB/Swiss-Prot Subcellular Location vocabulary mapping, accompanied by conservative changes to GO terms applied by UniProt.",GO_REF:0000119,Automated transfer of experimentally-verified manual GO annotation data to mouse-human orthologs.,16931,"GO_REF:0000044
Gene Ontology annotation based on UniProtKB/Swiss-Prot Subcellular Location vocabulary mapping, accompanied by conservative changes to GO terms applied by UniProt.","GO_REF:0000119
Automated transfer of experimentally-verified manual GO annotation data to mouse-human orthologs."
IEA,GO_REF:0000104,Electronic Gene Ontology annotations created by transferring manual GO annotations between related proteins based on shared sequence features.,GO_REF:0000002,Gene Ontology annotation through association of InterPro records with GO terms.,692,"GO_REF:0000104
Electronic Gene Ontology annotations created by transferring manual GO annotations between related proteins based on shared sequence features.","GO_REF:0000002
Gene Ontology annotation through association of InterPro records with GO terms."
IEA,GO_REF:0000104,Electronic Gene Ontology annotations created by transferring manual GO annotations between related proteins based on shared sequence features.,GO_REF:0000003,Gene Ontology annotation based on Enzyme Commission mapping,1205,"GO_REF:0000104
Electronic Gene Ontology annotations created by transferring manual GO annotations between related proteins based on shared sequence features.","GO_REF:0000003
Gene Ontology annotation based on Enzyme Commission mapping"
IEA,GO_REF:0000104,Electronic Gene Ontology annotations created by transferring manual GO annotations between related proteins based on shared sequence features.,GO_REF:0000033,Annotation inferences using phylogenetic trees,687,"GO_REF:0000104
Electronic Gene Ontology annotations created by transferring manual GO annotations between related proteins based on shared sequence features.","GO_REF:0000033
Annotation inferences using phylogenetic trees"
IEA,GO_REF:0000104,Electronic Gene Ontology annotations created by transferring manual GO annotations between related proteins based on shared sequence features.,GO_REF:0000041,Gene Ontology annotation based on UniPathway vocabulary mapping.,1280,"GO_REF:0000104
Electronic Gene Ontology annotations created by transferring manual GO annotations between related proteins based on shared sequence features.","GO_REF:0000041
Gene Ontology annotation based on UniPathway vocabulary mapping."
IEA,GO_REF:0000104,Electronic Gene Ontology annotations created by transferring manual GO annotations between related proteins based on shared sequence features.,GO_REF:0000043,Gene Ontology annotation based on UniProtKB/Swiss-Prot keyword mapping,1041,"GO_REF:0000104
Electronic Gene Ontology annotations created by transferring manual GO annotations between related proteins based on shared sequence features.","GO_REF:0000043
Gene Ontology annotation based on UniProtKB/Swiss-Prot keyword mapping"
IEA,GO_REF:0000104,Electronic Gene Ontology annotations created by transferring manual GO annotations between related proteins based on shared sequence features.,GO_REF:0000044,"Gene Ontology annotation based on UniProtKB/Swiss-Prot Subcellular Location vocabulary mapping, accompanied by conservative changes to GO terms applied by UniProt.",1014,"GO_REF:0000104
Electronic Gene Ontology annotations created by transferring manual GO annotations between related proteins based on shared sequence features.","GO_REF:0000044
Gene Ontology annotation based on UniProtKB/Swiss-Prot Subcellular Location vocabulary mapping, accompanied by conservative changes to GO terms applied by UniProt."
IEA,GO_REF:0000104,Electronic Gene Ontology annotations created by transferring manual GO annotations between related proteins based on shared sequence features.,GO_REF:0000107,Automatic transfer of experimentally verified manual GO annotation data to orthologs using Ensembl Compara.,888,"GO_REF:0000104
Electronic Gene Ontology annotations created by transferring manual GO annotations between related proteins based on shared sequence features.","GO_REF:0000107
Automatic transfer of experimentally verified manual GO annotation data to orthologs using Ensembl Compara."
IEA,GO_REF:0000104,Electronic Gene Ontology annotations created by transferring manual GO annotations between related proteins based on shared sequence features.,GO_REF:0000108,"Automatic assignment of GO terms using logical inference, based on on inter-ontology links.",1307,"GO_REF:0000104
Electronic Gene Ontology annotations created by transferring manual GO annotations between related proteins based on shared sequence features.","GO_REF:0000108
Automatic assignment of GO terms using logical inference, based on on inter-ontology links."
IEA,GO_REF:0000104,Electronic Gene Ontology annotations created by transferring manual GO annotations between related proteins based on shared sequence features.,GO_REF:0000115,Automatic Gene Ontology annotation of non-coding RNA sequences through association of Rfam records with GO terms,1309,"GO_REF:0000104
Electronic Gene Ontology annotations created by transferring manual GO annotations between related proteins based on shared sequence features.","GO_REF:0000115
Automatic Gene Ontology annotation of non-coding RNA sequences through association of Rfam records with GO terms"
IEA,GO_REF:0000104,Electronic Gene Ontology annotations created by transferring manual GO annotations between related proteins based on shared sequence features.,GO_REF:0000116,Automatic Gene Ontology annotation based on Rhea mapping.,1216,"GO_REF:0000104
Electronic Gene Ontology annotations created by transferring manual GO annotations between related proteins based on shared sequence features.","GO_REF:0000116
Automatic Gene Ontology annotation based on Rhea mapping."
IEA,GO_REF:0000104,Electronic Gene Ontology annotations created by transferring manual GO annotations between related proteins based on shared sequence features.,GO_REF:0000117,Electronic Gene Ontology annotations created by ARBA machine learning models,1159,"GO_REF:0000104
Electronic Gene Ontology annotations created by transferring manual GO annotations between related proteins based on shared sequence features.","GO_REF:0000117
Electronic Gene Ontology annotations created by ARBA machine learning models"
IEA,GO_REF:0000104,Electronic Gene Ontology annotations created by transferring manual GO annotations between related proteins based on shared sequence features.,GO_REF:0000119,Automated transfer of experimentally-verified manual GO annotation data to mouse-human orthologs.,771,"GO_REF:0000104
Electronic Gene Ontology annotations created by transferring manual GO annotations between related proteins based on shared sequence features.","GO_REF:0000119
Automated transfer of experimentally-verified manual GO annotation data to mouse-human orthologs."
IEA,GO_REF:0000107,Automatic transfer of experimentally verified manual GO annotation data to orthologs using Ensembl Compara.,GO_REF:0000002,Gene Ontology annotation through association of InterPro records with GO terms.,85992,"GO_REF:0000107
Automatic transfer of experimentally verified manual GO annotation data to orthologs using Ensembl Compara.","GO_REF:0000002
Gene Ontology annotation through association of InterPro records with GO terms."
IEA,GO_REF:0000107,Automatic transfer of experimentally verified manual GO annotation data to orthologs using Ensembl Compara.,GO_REF:0000003,Gene Ontology annotation based on Enzyme Commission mapping,91263,"GO_REF:0000107
Automatic transfer of experimentally verified manual GO annotation data to orthologs using Ensembl Compara.","GO_REF:0000003
Gene Ontology annotation based on Enzyme Commission mapping"
IEA,GO_REF:0000107,Automatic transfer of experimentally verified manual GO annotation data to orthologs using Ensembl Compara.,GO_REF:0000033,Annotation inferences using phylogenetic trees,66222,"GO_REF:0000107
Automatic transfer of experimentally verified manual GO annotation data to orthologs using Ensembl Compara.","GO_REF:0000033
Annotation inferences using phylogenetic trees"
IEA,GO_REF:0000107,Automatic transfer of experimentally verified manual GO annotation data to orthologs using Ensembl Compara.,GO_REF:0000041,Gene Ontology annotation based on UniPathway vocabulary mapping.,93783,"GO_REF:0000107
Automatic transfer of experimentally verified manual GO annotation data to orthologs using Ensembl Compara.","GO_REF:0000041
Gene Ontology annotation based on UniPathway vocabulary mapping."
IEA,GO_REF:0000107,Automatic transfer of experimentally verified manual GO annotation data to orthologs using Ensembl Compara.,GO_REF:0000043,Gene Ontology annotation based on UniProtKB/Swiss-Prot keyword mapping,90438,"GO_REF:0000107
Automatic transfer of experimentally verified manual GO annotation data to orthologs using Ensembl Compara.","GO_REF:0000043
Gene Ontology annotation based on UniProtKB/Swiss-Prot keyword mapping"
IEA,GO_REF:0000107,Automatic transfer of experimentally verified manual GO annotation data to orthologs using Ensembl Compara.,GO_REF:0000044,"Gene Ontology annotation based on UniProtKB/Swiss-Prot Subcellular Location vocabulary mapping, accompanied by conservative changes to GO terms applied by UniProt.",82939,"GO_REF:0000107
Automatic transfer of experimentally verified manual GO annotation data to orthologs using Ensembl Compara.","GO_REF:0000044
Gene Ontology annotation based on UniProtKB/Swiss-Prot Subcellular Location vocabulary mapping, accompanied by conservative changes to GO terms applied by UniProt."
IEA,GO_REF:0000107,Automatic transfer of experimentally verified manual GO annotation data to orthologs using Ensembl Compara.,GO_REF:0000104,Electronic Gene Ontology annotations created by transferring manual GO annotations between related proteins based on shared sequence features.,93751,"GO_REF:0000107
Automatic transfer of experimentally verified manual GO annotation data to orthologs using Ensembl Compara.","GO_REF:0000104
Electronic Gene Ontology annotations created by transferring manual GO annotations between related proteins based on shared sequence features."
IEA,GO_REF:0000107,Automatic transfer of experimentally verified manual GO annotation data to orthologs using Ensembl Compara.,GO_REF:0000107,Automatic transfer of experimentally verified manual GO annotation data to orthologs using Ensembl Compara.,11,"GO_REF:0000107
Automatic transfer of experimentally verified manual GO annotation data to orthologs using Ensembl Compara.","GO_REF:0000107
Automatic transfer of experimentally verified manual GO annotation data to orthologs using Ensembl Compara."
IEA,GO_REF:0000107,Automatic transfer of experimentally verified manual GO annotation data to orthologs using Ensembl Compara.,GO_REF:0000108,"Automatic assignment of GO terms using logical inference, based on on inter-ontology links.",93965,"GO_REF:0000107
Automatic transfer of experimentally verified manual GO annotation data to orthologs using Ensembl Compara.","GO_REF:0000108
Automatic assignment of GO terms using logical inference, based on on inter-ontology links."
IEA,GO_REF:0000107,Automatic transfer of experimentally verified manual GO annotation data to orthologs using Ensembl Compara.,GO_REF:0000115,Automatic Gene Ontology annotation of non-coding RNA sequences through association of Rfam records with GO terms,94205,"GO_REF:0000107
Automatic transfer of experimentally verified manual GO annotation data to orthologs using Ensembl Compara.","GO_REF:0000115
Automatic Gene Ontology annotation of non-coding RNA sequences through association of Rfam records with GO terms"
IEA,GO_REF:0000107,Automatic transfer of experimentally verified manual GO annotation data to orthologs using Ensembl Compara.,GO_REF:0000116,Automatic Gene Ontology annotation based on Rhea mapping.,91935,"GO_REF:0000107
Automatic transfer of experimentally verified manual GO annotation data to orthologs using Ensembl Compara.","GO_REF:0000116
Automatic Gene Ontology annotation based on Rhea mapping."
IEA,GO_REF:0000107,Automatic transfer of experimentally verified manual GO annotation data to orthologs using Ensembl Compara.,GO_REF:0000117,Electronic Gene Ontology annotations created by ARBA machine learning models,83827,"GO_REF:0000107
Automatic transfer of experimentally verified manual GO annotation data to orthologs using Ensembl Compara.","GO_REF:0000117
Electronic Gene Ontology annotations created by ARBA machine learning models"
IEA,GO_REF:0000107,Automatic transfer of experimentally verified manual GO annotation data to orthologs using Ensembl Compara.,GO_REF:0000119,Automated transfer of experimentally-verified manual GO annotation data to mouse-human orthologs.,16769,"GO_REF:0000107
Automatic transfer of experimentally verified manual GO annotation data to orthologs using Ensembl Compara.","GO_REF:0000119
Automated transfer of experimentally-verified manual GO annotation data to mouse-human orthologs."
IEA,GO_REF:0000108,"Automatic assignment of GO terms using logical inference, based on on inter-ontology links.",GO_REF:0000002,Gene Ontology annotation through association of InterPro records with GO terms.,2710,"GO_REF:0000108
Automatic assignment of GO terms using logical inference, based on on inter-ontology links.","GO_REF:0000002
Gene Ontology annotation through association of InterPro records with GO terms."
IEA,GO_REF:0000108,"Automatic assignment of GO terms using logical inference, based on on inter-ontology links.",GO_REF:0000003,Gene Ontology annotation based on Enzyme Commission mapping,3974,"GO_REF:0000108
Automatic assignment of GO terms using logical inference, based on on inter-ontology links.","GO_REF:0000003
Gene Ontology annotation based on Enzyme Commission mapping"
IEA,GO_REF:0000108,"Automatic assignment of GO terms using logical inference, based on on inter-ontology links.",GO_REF:0000033,Annotation inferences using phylogenetic trees,2228,"GO_REF:0000108
Automatic assignment of GO terms using logical inference, based on on inter-ontology links.","GO_REF:0000033
Annotation inferences using phylogenetic trees"
IEA,GO_REF:0000108,"Automatic assignment of GO terms using logical inference, based on on inter-ontology links.",GO_REF:0000041,Gene Ontology annotation based on UniPathway vocabulary mapping.,4222,"GO_REF:0000108
Automatic assignment of GO terms using logical inference, based on on inter-ontology links.","GO_REF:0000041
Gene Ontology annotation based on UniPathway vocabulary mapping."
IEA,GO_REF:0000108,"Automatic assignment of GO terms using logical inference, based on on inter-ontology links.",GO_REF:0000043,Gene Ontology annotation based on UniProtKB/Swiss-Prot keyword mapping,3984,"GO_REF:0000108
Automatic assignment of GO terms using logical inference, based on on inter-ontology links.","GO_REF:0000043
Gene Ontology annotation based on UniProtKB/Swiss-Prot keyword mapping"
IEA,GO_REF:0000108,"Automatic assignment of GO terms using logical inference, based on on inter-ontology links.",GO_REF:0000044,"Gene Ontology annotation based on UniProtKB/Swiss-Prot Subcellular Location vocabulary mapping, accompanied by conservative changes to GO terms applied by UniProt.",4217,"GO_REF:0000108
Automatic assignment of GO terms using logical inference, based on on inter-ontology links.","GO_REF:0000044
Gene Ontology annotation based on UniProtKB/Swiss-Prot Subcellular Location vocabulary mapping, accompanied by conservative changes to GO terms applied by UniProt."
IEA,GO_REF:0000108,"Automatic assignment of GO terms using logical inference, based on on inter-ontology links.",GO_REF:0000104,Electronic Gene Ontology annotations created by transferring manual GO annotations between related proteins based on shared sequence features.,4216,"GO_REF:0000108
Automatic assignment of GO terms using logical inference, based on on inter-ontology links.","GO_REF:0000104
Electronic Gene Ontology annotations created by transferring manual GO annotations between related proteins based on shared sequence features."
IEA,GO_REF:0000108,"Automatic assignment of GO terms using logical inference, based on on inter-ontology links.",GO_REF:0000107,Automatic transfer of experimentally verified manual GO annotation data to orthologs using Ensembl Compara.,3342,"GO_REF:0000108
Automatic assignment of GO terms using logical inference, based on on inter-ontology links.","GO_REF:0000107
Automatic transfer of experimentally verified manual GO annotation data to orthologs using Ensembl Compara."
IEA,GO_REF:0000108,"Automatic assignment of GO terms using logical inference, based on on inter-ontology links.",GO_REF:0000115,Automatic Gene Ontology annotation of non-coding RNA sequences through association of Rfam records with GO terms,4209,"GO_REF:0000108
Automatic assignment of GO terms using logical inference, based on on inter-ontology links.","GO_REF:0000115
Automatic Gene Ontology annotation of non-coding RNA sequences through association of Rfam records with GO terms"
IEA,GO_REF:0000108,"Automatic assignment of GO terms using logical inference, based on on inter-ontology links.",GO_REF:0000116,Automatic Gene Ontology annotation based on Rhea mapping.,3986,"GO_REF:0000108
Automatic assignment of GO terms using logical inference, based on on inter-ontology links.","GO_REF:0000116
Automatic Gene Ontology annotation based on Rhea mapping."
IEA,GO_REF:0000108,"Automatic assignment of GO terms using logical inference, based on on inter-ontology links.",GO_REF:0000117,Electronic Gene Ontology annotations created by ARBA machine learning models,3792,"GO_REF:0000108
Automatic assignment of GO terms using logical inference, based on on inter-ontology links.","GO_REF:0000117
Electronic Gene Ontology annotations created by ARBA machine learning models"
IEA,GO_REF:0000108,"Automatic assignment of GO terms using logical inference, based on on inter-ontology links.",GO_REF:0000119,Automated transfer of experimentally-verified manual GO annotation data to mouse-human orthologs.,3016,"GO_REF:0000108
Automatic assignment of GO terms using logical inference, based on on inter-ontology links.","GO_REF:0000119
Automated transfer of experimentally-verified manual GO annotation data to mouse-human orthologs."
IEA,GO_REF:0000115,Automatic Gene Ontology annotation of non-coding RNA sequences through association of Rfam records with GO terms,GO_REF:0000002,Gene Ontology annotation through association of InterPro records with GO terms.,8600,"GO_REF:0000115
Automatic Gene Ontology annotation of non-coding RNA sequences through association of Rfam records with GO terms","GO_REF:0000002
Gene Ontology annotation through association of InterPro records with GO terms."
IEA,GO_REF:0000115,Automatic Gene Ontology annotation of non-coding RNA sequences through association of Rfam records with GO terms,GO_REF:0000003,Gene Ontology annotation based on Enzyme Commission mapping,8600,"GO_REF:0000115
Automatic Gene Ontology annotation of non-coding RNA sequences through association of Rfam records with GO terms","GO_REF:0000003
Gene Ontology annotation based on Enzyme Commission mapping"
IEA,GO_REF:0000115,Automatic Gene Ontology annotation of non-coding RNA sequences through association of Rfam records with GO terms,GO_REF:0000033,Annotation inferences using phylogenetic trees,8600,"GO_REF:0000115
Automatic Gene Ontology annotation of non-coding RNA sequences through association of Rfam records with GO terms","GO_REF:0000033
Annotation inferences using phylogenetic trees"
IEA,GO_REF:0000115,Automatic Gene Ontology annotation of non-coding RNA sequences through association of Rfam records with GO terms,GO_REF:0000041,Gene Ontology annotation based on UniPathway vocabulary mapping.,8600,"GO_REF:0000115
Automatic Gene Ontology annotation of non-coding RNA sequences through association of Rfam records with GO terms","GO_REF:0000041
Gene Ontology annotation based on UniPathway vocabulary mapping."
IEA,GO_REF:0000115,Automatic Gene Ontology annotation of non-coding RNA sequences through association of Rfam records with GO terms,GO_REF:0000043,Gene Ontology annotation based on UniProtKB/Swiss-Prot keyword mapping,8600,"GO_REF:0000115
Automatic Gene Ontology annotation of non-coding RNA sequences through association of Rfam records with GO terms","GO_REF:0000043
Gene Ontology annotation based on UniProtKB/Swiss-Prot keyword mapping"
IEA,GO_REF:0000115,Automatic Gene Ontology annotation of non-coding RNA sequences through association of Rfam records with GO terms,GO_REF:0000044,"Gene Ontology annotation based on UniProtKB/Swiss-Prot Subcellular Location vocabulary mapping, accompanied by conservative changes to GO terms applied by UniProt.",8600,"GO_REF:0000115
Automatic Gene Ontology annotation of non-coding RNA sequences through association of Rfam records with GO terms","GO_REF:0000044
Gene Ontology annotation based on UniProtKB/Swiss-Prot Subcellular Location vocabulary mapping, accompanied by conservative changes to GO terms applied by UniProt."
IEA,GO_REF:0000115,Automatic Gene Ontology annotation of non-coding RNA sequences through association of Rfam records with GO terms,GO_REF:0000104,Electronic Gene Ontology annotations created by transferring manual GO annotations between related proteins based on shared sequence features.,8600,"GO_REF:0000115
Automatic Gene Ontology annotation of non-coding RNA sequences through association of Rfam records with GO terms","GO_REF:0000104
Electronic Gene Ontology annotations created by transferring manual GO annotations between related proteins based on shared sequence features."
IEA,GO_REF:0000115,Automatic Gene Ontology annotation of non-coding RNA sequences through association of Rfam records with GO terms,GO_REF:0000107,Automatic transfer of experimentally verified manual GO annotation data to orthologs using Ensembl Compara.,8600,"GO_REF:0000115
Automatic Gene Ontology annotation of non-coding RNA sequences through association of Rfam records with GO terms","GO_REF:0000107
Automatic transfer of experimentally verified manual GO annotation data to orthologs using Ensembl Compara."
IEA,GO_REF:0000115,Automatic Gene Ontology annotation of non-coding RNA sequences through association of Rfam records with GO terms,GO_REF:0000108,"Automatic assignment of GO terms using logical inference, based on on inter-ontology links.",8600,"GO_REF:0000115
Automatic Gene Ontology annotation of non-coding RNA sequences through association of Rfam records with GO terms","GO_REF:0000108
Automatic assignment of GO terms using logical inference, based on on inter-ontology links."
IEA,GO_REF:0000115,Automatic Gene Ontology annotation of non-coding RNA sequences through association of Rfam records with GO terms,GO_REF:0000116,Automatic Gene Ontology annotation based on Rhea mapping.,8600,"GO_REF:0000115
Automatic Gene Ontology annotation of non-coding RNA sequences through association of Rfam records with GO terms","GO_REF:0000116
Automatic Gene Ontology annotation based on Rhea mapping."
IEA,GO_REF:0000115,Automatic Gene Ontology annotation of non-coding RNA sequences through association of Rfam records with GO terms,GO_REF:0000117,Electronic Gene Ontology annotations created by ARBA machine learning models,8600,"GO_REF:0000115
Automatic Gene Ontology annotation of non-coding RNA sequences through association of Rfam records with GO terms","GO_REF:0000117
Electronic Gene Ontology annotations created by ARBA machine learning models"
IEA,GO_REF:0000115,Automatic Gene Ontology annotation of non-coding RNA sequences through association of Rfam records with GO terms,GO_REF:0000119,Automated transfer of experimentally-verified manual GO annotation data to mouse-human orthologs.,8600,"GO_REF:0000115
Automatic Gene Ontology annotation of non-coding RNA sequences through association of Rfam records with GO terms","GO_REF:0000119
Automated transfer of experimentally-verified manual GO annotation data to mouse-human orthologs."
IEA,GO_REF:0000116,Automatic Gene Ontology annotation based on Rhea mapping.,GO_REF:0000002,Gene Ontology annotation through association of InterPro records with GO terms.,2622,"GO_REF:0000116
Automatic Gene Ontology annotation based on Rhea mapping.","GO_REF:0000002
Gene Ontology annotation through association of InterPro records with GO terms."
IEA,GO_REF:0000116,Automatic Gene Ontology annotation based on Rhea mapping.,GO_REF:0000003,Gene Ontology annotation based on Enzyme Commission mapping,1220,"GO_REF:0000116
Automatic Gene Ontology annotation based on Rhea mapping.","GO_REF:0000003
Gene Ontology annotation based on Enzyme Commission mapping"
IEA,GO_REF:0000116,Automatic Gene Ontology annotation based on Rhea mapping.,GO_REF:0000033,Annotation inferences using phylogenetic trees,1860,"GO_REF:0000116
Automatic Gene Ontology annotation based on Rhea mapping.","GO_REF:0000033
Annotation inferences using phylogenetic trees"
IEA,GO_REF:0000116,Automatic Gene Ontology annotation based on Rhea mapping.,GO_REF:0000041,Gene Ontology annotation based on UniPathway vocabulary mapping.,3678,"GO_REF:0000116
Automatic Gene Ontology annotation based on Rhea mapping.","GO_REF:0000041
Gene Ontology annotation based on UniPathway vocabulary mapping."
IEA,GO_REF:0000116,Automatic Gene Ontology annotation based on Rhea mapping.,GO_REF:0000043,Gene Ontology annotation based on UniProtKB/Swiss-Prot keyword mapping,3525,"GO_REF:0000116
Automatic Gene Ontology annotation based on Rhea mapping.","GO_REF:0000043
Gene Ontology annotation based on UniProtKB/Swiss-Prot keyword mapping"
IEA,GO_REF:0000116,Automatic Gene Ontology annotation based on Rhea mapping.,GO_REF:0000044,"Gene Ontology annotation based on UniProtKB/Swiss-Prot Subcellular Location vocabulary mapping, accompanied by conservative changes to GO terms applied by UniProt.",3678,"GO_REF:0000116
Automatic Gene Ontology annotation based on Rhea mapping.","GO_REF:0000044
Gene Ontology annotation based on UniProtKB/Swiss-Prot Subcellular Location vocabulary mapping, accompanied by conservative changes to GO terms applied by UniProt."
IEA,GO_REF:0000116,Automatic Gene Ontology annotation based on Rhea mapping.,GO_REF:0000104,Electronic Gene Ontology annotations created by transferring manual GO annotations between related proteins based on shared sequence features.,3608,"GO_REF:0000116
Automatic Gene Ontology annotation based on Rhea mapping.","GO_REF:0000104
Electronic Gene Ontology annotations created by transferring manual GO annotations between related proteins based on shared sequence features."
IEA,GO_REF:0000116,Automatic Gene Ontology annotation based on Rhea mapping.,GO_REF:0000107,Automatic transfer of experimentally verified manual GO annotation data to orthologs using Ensembl Compara.,2067,"GO_REF:0000116
Automatic Gene Ontology annotation based on Rhea mapping.","GO_REF:0000107
Automatic transfer of experimentally verified manual GO annotation data to orthologs using Ensembl Compara."
IEA,GO_REF:0000116,Automatic Gene Ontology annotation based on Rhea mapping.,GO_REF:0000108,"Automatic assignment of GO terms using logical inference, based on on inter-ontology links.",3678,"GO_REF:0000116
Automatic Gene Ontology annotation based on Rhea mapping.","GO_REF:0000108
Automatic assignment of GO terms using logical inference, based on on inter-ontology links."
IEA,GO_REF:0000116,Automatic Gene Ontology annotation based on Rhea mapping.,GO_REF:0000115,Automatic Gene Ontology annotation of non-coding RNA sequences through association of Rfam records with GO terms,3678,"GO_REF:0000116
Automatic Gene Ontology annotation based on Rhea mapping.","GO_REF:0000115
Automatic Gene Ontology annotation of non-coding RNA sequences through association of Rfam records with GO terms"
IEA,GO_REF:0000116,Automatic Gene Ontology annotation based on Rhea mapping.,GO_REF:0000117,Electronic Gene Ontology annotations created by ARBA machine learning models,2896,"GO_REF:0000116
Automatic Gene Ontology annotation based on Rhea mapping.","GO_REF:0000117
Electronic Gene Ontology annotations created by ARBA machine learning models"
IEA,GO_REF:0000116,Automatic Gene Ontology annotation based on Rhea mapping.,GO_REF:0000119,Automated transfer of experimentally-verified manual GO annotation data to mouse-human orthologs.,1730,"GO_REF:0000116
Automatic Gene Ontology annotation based on Rhea mapping.","GO_REF:0000119
Automated transfer of experimentally-verified manual GO annotation data to mouse-human orthologs."
IEA,GO_REF:0000117,Electronic Gene Ontology annotations created by ARBA machine learning models,GO_REF:0000002,Gene Ontology annotation through association of InterPro records with GO terms.,19760,"GO_REF:0000117
Electronic Gene Ontology annotations created by ARBA machine learning models","GO_REF:0000002
Gene Ontology annotation through association of InterPro records with GO terms."
IEA,GO_REF:0000117,Electronic Gene Ontology annotations created by ARBA machine learning models,GO_REF:0000003,Gene Ontology annotation based on Enzyme Commission mapping,22508,"GO_REF:0000117
Electronic Gene Ontology annotations created by ARBA machine learning models","GO_REF:0000003
Gene Ontology annotation based on Enzyme Commission mapping"
IEA,GO_REF:0000117,Electronic Gene Ontology annotations created by ARBA machine learning models,GO_REF:0000033,Annotation inferences using phylogenetic trees,12520,"GO_REF:0000117
Electronic Gene Ontology annotations created by ARBA machine learning models","GO_REF:0000033
Annotation inferences using phylogenetic trees"
IEA,GO_REF:0000117,Electronic Gene Ontology annotations created by ARBA machine learning models,GO_REF:0000041,Gene Ontology annotation based on UniPathway vocabulary mapping.,23744,"GO_REF:0000117
Electronic Gene Ontology annotations created by ARBA machine learning models","GO_REF:0000041
Gene Ontology annotation based on UniPathway vocabulary mapping."
IEA,GO_REF:0000117,Electronic Gene Ontology annotations created by ARBA machine learning models,GO_REF:0000043,Gene Ontology annotation based on UniProtKB/Swiss-Prot keyword mapping,21823,"GO_REF:0000117
Electronic Gene Ontology annotations created by ARBA machine learning models","GO_REF:0000043
Gene Ontology annotation based on UniProtKB/Swiss-Prot keyword mapping"
IEA,GO_REF:0000117,Electronic Gene Ontology annotations created by ARBA machine learning models,GO_REF:0000044,"Gene Ontology annotation based on UniProtKB/Swiss-Prot Subcellular Location vocabulary mapping, accompanied by conservative changes to GO terms applied by UniProt.",20159,"GO_REF:0000117
Electronic Gene Ontology annotations created by ARBA machine learning models","GO_REF:0000044
Gene Ontology annotation based on UniProtKB/Swiss-Prot Subcellular Location vocabulary mapping, accompanied by conservative changes to GO terms applied by UniProt."
IEA,GO_REF:0000117,Electronic Gene Ontology annotations created by ARBA machine learning models,GO_REF:0000104,Electronic Gene Ontology annotations created by transferring manual GO annotations between related proteins based on shared sequence features.,23824,"GO_REF:0000117
Electronic Gene Ontology annotations created by ARBA machine learning models","GO_REF:0000104
Electronic Gene Ontology annotations created by transferring manual GO annotations between related proteins based on shared sequence features."
IEA,GO_REF:0000117,Electronic Gene Ontology annotations created by ARBA machine learning models,GO_REF:0000107,Automatic transfer of experimentally verified manual GO annotation data to orthologs using Ensembl Compara.,13490,"GO_REF:0000117
Electronic Gene Ontology annotations created by ARBA machine learning models","GO_REF:0000107
Automatic transfer of experimentally verified manual GO annotation data to orthologs using Ensembl Compara."
IEA,GO_REF:0000117,Electronic Gene Ontology annotations created by ARBA machine learning models,GO_REF:0000108,"Automatic assignment of GO terms using logical inference, based on on inter-ontology links.",23714,"GO_REF:0000117
Electronic Gene Ontology annotations created by ARBA machine learning models","GO_REF:0000108
Automatic assignment of GO terms using logical inference, based on on inter-ontology links."
IEA,GO_REF:0000117,Electronic Gene Ontology annotations created by ARBA machine learning models,GO_REF:0000115,Automatic Gene Ontology annotation of non-coding RNA sequences through association of Rfam records with GO terms,24005,"GO_REF:0000117
Electronic Gene Ontology annotations created by ARBA machine learning models","GO_REF:0000115
Automatic Gene Ontology annotation of non-coding RNA sequences through association of Rfam records with GO terms"
IEA,GO_REF:0000117,Electronic Gene Ontology annotations created by ARBA machine learning models,GO_REF:0000116,Automatic Gene Ontology annotation based on Rhea mapping.,22869,"GO_REF:0000117
Electronic Gene Ontology annotations created by ARBA machine learning models","GO_REF:0000116
Automatic Gene Ontology annotation based on Rhea mapping."
IEA,GO_REF:0000117,Electronic Gene Ontology annotations created by ARBA machine learning models,GO_REF:0000119,Automated transfer of experimentally-verified manual GO annotation data to mouse-human orthologs.,11505,"GO_REF:0000117
Electronic Gene Ontology annotations created by ARBA machine learning models","GO_REF:0000119
Automated transfer of experimentally-verified manual GO annotation data to mouse-human orthologs."
